Rank,Product Name,Rating,Price,Product Link,Scraped Time
1,"LG 9 Kg, 5 Star, AI Direct Drive Technology, Steam, 6 Motion DD & Wi-Fi Fully-Automatic Front Load Washing Machine (FHP1209Z5",4.2 out of 5 stars,N/A,https://www.amazon.in/LG-Inverter-Fully-Automatic-Washing-FHP1209Z5M/dp/B0C3LHV43S/ref=zg_bs_g_1380369031_d_sccl_1/257-7859944-9146142?psc=1,2025-08-05 21:09:24
2,Whirlpool 7 kg Magic Clean 5 Star Fully Automatic Top Load Washing Machine Grey (MAGIC CLEAN 7.0 GENX GREY 5YMW),4.0 out of 5 stars,N/A,https://www.amazon.in/Whirlpool-MAGIC-CLEAN-7-0-GENX/dp/B0DSBRDRDV/ref=zg_bs_g_1380369031_d_sccl_2/257-7859944-9146142?psc=1,2025-08-05 21:09:24
3,"Samsung 8 kg, 5 star, Eco Bubble Tech, Digital Inverter Motor, Soft Closing Door, Fully-Automatic Top Load Washing Machine (W",4.1 out of 5 stars,N/A,https://www.amazon.in/Samsung-Fully-Automatic-Ecobubble-WA80BG4441BGTL-Technology/dp/B0B8NK5HTH/ref=zg_bs_g_1380369031_d_sccl_3/257-7859944-9146142?psc=1,2025-08-05 21:09:24
4,"LG 8 Kg 5 Star Smart Inverter Technology Fully Automatic Top Load Washing Machine (T80VBMB4Z, Turbodrum, Auto Prewash, Stainl",4.1 out of 5 stars,N/A,https://www.amazon.in/LG-Technology-Automatic-T80VBMB4Z-Turbodrum/dp/B0DPHTSTYJ/ref=zg_bs_g_1380369031_d_sccl_4/257-7859944-9146142?psc=1,2025-08-05 21:09:24
5,"Samsung 7 kg, Eco Bubble Technology, Digital Inverter Motor, Soft Closing Door, Fully-Automatic Top Load Washing Machine (WA7",4.1 out of 5 stars,N/A,https://www.amazon.in/Samsung-Inverter-Fully-Automatic-WA70BG4441YYTL-Technology/dp/B0B8NHX62W/ref=zg_bs_g_1380369031_d_sccl_5/257-7859944-9146142?psc=1,2025-08-05 21:09:24
6,"LG 7 Kg 5 Star Smart Inverter Technology Fully Automatic Top Load Washing Machine (T70VBMB1Z, Auto Prewash, Turbodrum, Stainl",4.2 out of 5 stars,N/A,https://www.amazon.in/LG-Technology-Automatic-T70VBMB1Z-Turbodrum/dp/B0DPHT2HZL/ref=zg_bs_g_1380369031_d_sccl_6/257-7859944-9146142?psc=1,2025-08-05 21:09:24
7,Whirlpool 8 Kg 5 MAGIC CLEAN PRO SW H Fully Automatic Top Load Washing Machine (MAGIC CLEAN PRO SW H KG GREY 10YMW with In-Bu,3.9 out of 5 stars,N/A,https://www.amazon.in/Whirlpool-Fully-Automatic-Washing-Machine/dp/B0DGLPJ1MB/ref=zg_bs_g_1380369031_d_sccl_7/257-7859944-9146142?psc=1,2025-08-05 21:09:24
8,VW 7.5 kg 5 Star Aqua Spin Semi Automatic Top Load Washing Machine AquaSpin0075P (Black),4.6 out of 5 stars,N/A,https://www.amazon.in/VW-Automatic-Washing-Machine-AquaSpin0075P/dp/B0DV43D663/ref=zg_bs_g_1380369031_d_sccl_8/257-7859944-9146142?psc=1,2025-08-05 21:09:24
9,"Welko Portable Mini Washing Machine, Foldable Washing Machine Top Load Fully Automatic with 3 Modes Spinner and Dryer, Semi A",3.9 out of 5 stars,N/A,https://www.amazon.in/Welko-Portable-Washing-Foldable-Automatic/dp/B0FGQG9FKJ/ref=zg_bs_g_1380369031_d_sccl_9/257-7859944-9146142?psc=1,2025-08-05 21:09:24
10,"Haier 6 kg 5 Star Oceanus Wave Drum Washing Machine Fully Automatic Top Load (HWM60-AE, Moonlight Silver)",4.2 out of 5 stars,N/A,https://www.amazon.in/Haier-Automatic-Pulsator-HWM60-AE-Titanium/dp/B0CC8P3J3L/ref=zg_bs_g_1380369031_d_sccl_10/257-7859944-9146142?psc=1,2025-08-05 21:09:24
11,"IFB 7 Kg 5 Star Powered by AI with 9 Swirl Wash, WiFi, Fully Automatic Front Load Washing Machine (SERENA GXN 7012, Steam Ref",4.0 out of 5 stars,N/A,https://www.amazon.in/IFB-Automatic-SERENA-GXN-7012/dp/B0DFLL8FND/ref=zg_bs_g_1380369031_d_sccl_11/257-7859944-9146142?psc=1,2025-08-05 21:09:24
12,"LG 7 Kg 5 Star Wind Jet Dry Semi-Automatic Top Loading Washing Machine (P7020NGAZ, Dark Gray, Rat Away Feature)",4.3 out of 5 stars,N/A,https://www.amazon.in/LG-P7020NGAZ-Fully-Automatic-Washing-Machine/dp/B09DD573SY/ref=zg_bs_g_1380369031_d_sccl_12/257-7859944-9146142?psc=1,2025-08-05 21:09:24
13,Bosch 9kg 5 Star Anti Stain & AI Active Water Plus Fully Automatic Front Load Washing Machine with Built in Heater (WGA14200I,4.0 out of 5 stars,N/A,https://www.amazon.in/Bosch-Automatic-WGA14200IN-Pretreatment-Bacteria/dp/B0D41L64NR/ref=zg_bs_g_1380369031_d_sccl_13/257-7859944-9146142?psc=1,2025-08-05 21:09:24
14,"Pitinxa Portable Mini Washing Machine, Foldable Washing Machine Top Load Fully Automatic with 3 Modes Spinner and Dryer, Semi",4.4 out of 5 stars,N/A,https://www.amazon.in/Pitinxa-Portable-Washing-Foldable-Automatic/dp/B0FGQBMNJP/ref=zg_bs_g_1380369031_d_sccl_14/257-7859944-9146142?psc=1,2025-08-05 21:09:24
15,"Samsung 9 kg, 5 star, AI EcoBubble, Super Speed, Wi-Fi, Hygiene Steam with Inbuilt Heater, Digital Inverter, Fully-Automatic",4.3 out of 5 stars,N/A,https://www.amazon.in/Samsung-EcoBubble-Inverter-Fully-Automatic-WW90DG5U24AXTL/dp/B0DRYMKCW4/ref=zg_bs_g_1380369031_d_sccl_15/257-7859944-9146142?psc=1,2025-08-05 21:09:24
16,"Godrej 7 Kg 5 Star, AI Powered, Fabrisafe Steel Drum, Magic Lint Filter, Fills Tub At ~0 Water Pressure, Fully-Automatic Top",4.1 out of 5 stars,N/A,https://www.amazon.in/Godrej-Fully-Automatic-WTEON-FDUN-GPGR/dp/B0F3DBMCBQ/ref=zg_bs_g_1380369031_d_sccl_16/257-7859944-9146142?psc=1,2025-08-05 21:09:24
17,"Samsung 7 kg, Fully-Automatic Top Load Washing Machine with Diamond Drum (WA70A4002GS/TL, Imperial Silver)",4.3 out of 5 stars,N/A,https://www.amazon.in/Samsung-Fully-Automatic-WA70A4002GS-TL-Imperial/dp/B08GXYZFNB/ref=zg_bs_g_1380369031_d_sccl_17/257-7859944-9146142?psc=1,2025-08-05 21:09:24
18,"Whirlpool 7 Kg 5 Star Inverter Front Load Washing Machine with In-Built Heater (SUPREME CARE 7012 -E, Midnight Grey, 100+ Tou",4.1 out of 5 stars,N/A,https://www.amazon.in/Whirlpool-Inverter-Washing-Midnight-Technology/dp/B0FGNX85XS/ref=zg_bs_g_1380369031_d_sccl_18/257-7859944-9146142?psc=1,2025-08-05 21:09:24
19,"IFB 8 Kg 5 Star Powered by AI with 9 Swirl Wash, WiFi, Fully Automatic Front Load Washing Machine (Senator MBN 8012, Steam Re",4.1 out of 5 stars,N/A,https://www.amazon.in/IFB-Automatic-MBN-8012-Inverter/dp/B0DCNVBFCL/ref=zg_bs_g_1380369031_d_sccl_19/257-7859944-9146142?psc=1,2025-08-05 21:09:24
20,Whirlpool 6 kg Magic Clean 5 Star and Digital Display Fully Automatic Top Load Washing Machine Grey (MAGIC CLEAN 6.0 GENX GRE,3.8 out of 5 stars,"₹12,990.00",https://www.amazon.in/Whirlpool-MAGIC-CLEAN-6-0-GENX/dp/B0DSBQVGBP/ref=zg_bs_g_1380369031_d_sccl_20/257-7859944-9146142?psc=1,2025-08-05 21:09:24
21,"Whirlpool 7.0 Kg 5 Star MAGIC CLEAN Semi-Automatic Top Loading Washing Machine (MAGIC CLEAN RYL SRS 7.0 GREY DAZZLE (5YR), 4",4.2 out of 5 stars,N/A,https://www.amazon.in/Whirlpool-Semi-Automatic-Loading-Comprehensive-Warranty/dp/B0DGLLG6FR/ref=zg_bs_g_1380369031_d_sccl_21/257-7859944-9146142?psc=1,2025-08-05 21:09:24
22,"Bosch 8 kg, 5 Star, AI Active Water+, Anti-Tangle, Steam Anti Bacterial, Anti-Wrinkle Fully-Automatic Front Loading Washing M",4.2 out of 5 stars,N/A,https://www.amazon.in/Bosch-Fully-Automatic-Loading-Washing-WAJ2826BIN/dp/B0D47334T5/ref=zg_bs_g_1380369031_d_sccl_22/257-7859944-9146142?psc=1,2025-08-05 21:09:24
23,"Voltas beko, A Tata Product 6 kg 5 Star Semi-Automatic Top Load Washing Machine With Air Dry (WTT60UNX/OK3R0R0W01, Burgundy,",3.8 out of 5 stars,N/A,https://www.amazon.in/Voltas-Semi-Automatic-WTT60UNX-OK3R0R0W01-Technology/dp/B0DNFSR86Y/ref=zg_bs_g_1380369031_d_sccl_23/257-7859944-9146142?psc=1,2025-08-05 21:09:24
24,"IFB 7 Kg 5 Star with Deep Clean® Technology, AI Powered, Fully Automatic Top Load Washing Machine (TL701MG1, ActivMix, Aqua E",3.9 out of 5 stars,N/A,https://www.amazon.in/Powered-Automatic-Washing-TL701MG1-ActivMix/dp/B0D8LCKY99/ref=zg_bs_g_1380369031_d_sccl_24/257-7859944-9146142?psc=1,2025-08-05 21:09:24
25,"Samsung 9 kg, 5 star, Eco Bubble Technology, Wi-Fi, Soft Closing Door, Fully-Automatic Top Load Washing Machine (WA90BG4542BD",4.3 out of 5 stars,N/A,https://www.amazon.in/Samsung-Fully-Automatic-Ecobubble-WA90BG4542BDTL-technology/dp/B0B8NHPWZF/ref=zg_bs_g_1380369031_d_sccl_25/257-7859944-9146142?psc=1,2025-08-05 21:09:24
26,"Samsung 9 kg, 5 Star, AI Control, AI Ecobubble, Super Speed, Wi-Fi, Hygiene Steam with Inbuilt Heater, Digital Inverter, Full",4.3 out of 5 stars,N/A,https://www.amazon.in/Samsung-Ecobubble-Inverter-Fully-Automatic-WW90DG6U24ASTL/dp/B0DS681G4K/ref=zg_bs_g_1380369031_d_sccl_26/257-7859944-9146142?psc=1,2025-08-05 21:09:24
27,"IFB 6 Kg 5 Star Powered by AI with 9 Swirl Wash, Fully Automatic Front Load Washing Machine (DIVA GXN 6010, Steam Refresh Pro",4.0 out of 5 stars,N/A,https://www.amazon.in/IFB-Automatic-DIVA-GXN-6010/dp/B0DFLT2Q9W/ref=zg_bs_g_1380369031_d_sccl_27/257-7859944-9146142?psc=1,2025-08-05 21:09:24
28,"LG 9 Kg, 5 Star, Smart Inverter Technology, Turbodrum, Fully Automatic Top Load Washing Machine (T90AJMB1Z, Jetspray+, Turbow",4.2 out of 5 stars,N/A,https://www.amazon.in/LG-Washing-Machine-Clean-T90AJMB1Z/dp/B0CKLS4V3G/ref=zg_bs_g_1380369031_d_sccl_28/257-7859944-9146142?psc=1,2025-08-05 21:09:24
29,"IFB 9 Kg 5 Star with DeepClean® Technology, AI Powered, WiFi, Fully Automatic Front Load Washing Machine (EXECUTIVE MXN 9014K",3.9 out of 5 stars,N/A,https://www.amazon.in/IFB-EXECUTIVE-MXN-9014K-CMS/dp/B0F8QV7RCR/ref=zg_bs_g_1380369031_d_sccl_29/257-7859944-9146142?psc=1,2025-08-05 21:09:24
30,"LG 7 Kg, 5 Star, Steam, Inverter Direct Drive Technology, 6 Motion DD, Fully-Automatic Front Load Washing Machine (FHB1207Z2W",4.3 out of 5 stars,N/A,https://www.amazon.in/LG-Technology-Fully-Automatic-FHB1207Z2W-Allergens/dp/B0F4QQVV1L/ref=zg_bs_g_1380369031_d_sccl_30/257-7859944-9146142?psc=1,2025-08-05 21:09:24
31,Whirlpool 9 Kg 5 Star BloomWash Royal Plus Fully Automatic Top Load Washing Machine (BW ROYAL PLUS H 9 KG GREY 10YMW with In-,4.0 out of 5 stars,N/A,https://www.amazon.in/Whirlpool-BloomWash-BW-ROYAL-PLUS/dp/B0CMZHKF8W/ref=zg_bs_g_1380369031_d_sccl_31/257-7859944-9146142?psc=1,2025-08-05 21:09:24
32,"Samsung 10 Kg, 5 Star, AI Wash, Ecobubble, AI Energy Mode, AI VRT+, Soft Closing Door, Wi-Fi, Digital Inverter, Fully-Automat",4.1 out of 5 stars,"₹26,880.00",https://www.amazon.in/Samsung-Ecobubble-Inverter-Fully-Automatic-WA80F10E2LTL/dp/B0F2S2YTKP/ref=zg_bs_g_1380369031_d_sccl_32/257-7859944-9146142?psc=1,2025-08-05 21:09:24
33,"Bosch 8 kg, 5 Star, AI Active Water+, Anti-Tangle, Steam Anti Bacteria, Anti-Wrinkle Fully-Automatic Front Loading Washing Ma",4.4 out of 5 stars,N/A,https://www.amazon.in/Bosch-Anti-Tangle-Anti-Wrinkle-Fully-Automatic-WAJ28260IN/dp/B0F4K415FW/ref=zg_bs_g_1380369031_d_sccl_33/257-7859944-9146142?psc=1,2025-08-05 21:09:24
34,"LG 8.5 kg 5 Star Semi-Automatic Top Load Washing Machine (P8530SRAZ, Burgundy, Roller Jet Pulsator)",4.3 out of 5 stars,N/A,https://www.amazon.in/LG-Semi-Automatic-P8530SRAZ-Burgundy-Pulsator/dp/B0BD8ZPFJQ/ref=zg_bs_g_1380369031_d_sccl_34/257-7859944-9146142?psc=1,2025-08-05 21:09:24
35,"Samsung 7 kg, 5 star, EcoBubble Technology, Hygiene Steam with Inbuilt Heater, Digital Inverter, Fully-Automatic Front Load W",4.4 out of 5 stars,N/A,https://www.amazon.in/Samsung-Technology-Fully-Automatic-WW70R22EK0X-TL/dp/B0DYVQR2CY/ref=zg_bs_g_1380369031_d_sccl_35/257-7859944-9146142?psc=1,2025-08-05 21:09:24
36,"Bosch 7 kg, 5 Star, AI active water+, Anti-Wrinkle, Anti-Tangle, Anti Bacteria Steam, Fully-Automatic Front Loading Washing M",4.2 out of 5 stars,N/A,https://www.amazon.in/Bosch-Fully-Automatic-Loading-Washing-WAJ24266IN/dp/B0CFFPLZXJ/ref=zg_bs_g_1380369031_d_sccl_36/257-7859944-9146142?psc=1,2025-08-05 21:09:24
37,"Samsung 8 Kg, 5 Star, AI Wash, Ecobubble, AI Energy Mode, AI VRT+, Super Speed, Soft Closing Door, Wi-Fi, Digital Inverter, F",4.2 out of 5 stars,N/A,https://www.amazon.in/Samsung-Ecobubble-Inverter-Fully-Automatic-WA80F08S2LTL/dp/B0F2SLWGJW/ref=zg_bs_g_1380369031_d_sccl_37/257-7859944-9146142?psc=1,2025-08-05 21:09:24
38,"Whirlpool 7.5 Kg 5 Star Magic Clean Semi-Automatic Top Loading Washing Machine (MAGIC CLEAN 7.5 GREY DAZZLE, Fast Drying)",4.2 out of 5 stars,N/A,https://www.amazon.in/Whirlpool-MAGIC-CLEAN-GREY-DAZZLE/dp/B0DSDZ3KT4/ref=zg_bs_g_1380369031_d_sccl_38/257-7859944-9146142?psc=1,2025-08-05 21:09:24
1,"LG 9 Kg (Wash) / 5 Kg (Dry), Ai Direct Drive Technology, Steam, TurboWash & Wi-Fi Fully Automatic Front Load Washer Dryer (FH",4.2 out of 5 stars,N/A,https://www.amazon.in/LG-Technology-FHD0905SWM-Intelligent-Convenient/dp/B0CC5X35GT/ref=zg_bs_g_1380369031_d_sccl_1/257-7859944-9146142?psc=1,2025-08-05 21:09:30
2,"Samsung 7 kg, 5 star, Semi-Automatic Washing Machine (WT70M3000UU/TL, Air Turbo Drying, LIGHT GRAY, 5 Year Warranty on Wash M",4.3 out of 5 stars,N/A,https://www.amazon.in/Samsung-Semi-Automatic-WT70M3000UU-TL-Pulsator/dp/B09T6NH99B/ref=zg_bs_g_1380369031_d_sccl_2/257-7859944-9146142?psc=1,2025-08-05 21:09:30
3,"IFB 8 Kg 5 Star Powered by AI with 9 Swirl Wash, WiFi, Fully Automatic Front Load Washing Machine (Senator GXN 8012, Steam Re",3.9 out of 5 stars,N/A,https://www.amazon.in/IFB-Technology-Automatic-GXN-8012/dp/B0D8HYQDQG/ref=zg_bs_g_1380369031_d_sccl_3/257-7859944-9146142?psc=1,2025-08-05 21:09:30
4,DMR Portable 3 kg 2 Star Single Tub Top Load Mini Washing Machine with 1.5 kg Dryer Basket (Blue) - with 1 year Spare Supply,3.6 out of 5 stars,N/A,https://www.amazon.in/DMR-Portable-Washing-Machine-30-1208/dp/B00PCQEWUQ/ref=zg_bs_g_1380369031_d_sccl_4/257-7859944-9146142?psc=1,2025-08-05 21:09:30
5,"IFB 6.5 Kg 5 Star Powered by AI with 9 Swirl Wash, Fully Automatic Front Load Washing Machine (ELENA GXN 6510, Steam Refresh",4.1 out of 5 stars,N/A,https://www.amazon.in/IFB-Automatic-ELENA-GXN-6510/dp/B0DFLWL16S/ref=zg_bs_g_1380369031_d_sccl_5/257-7859944-9146142?psc=1,2025-08-05 21:09:30
6,"Haier 8 kg 5 Star Powered by AI-DBT with PuriSteam, 525mm Super Drum Fully Automatic Front Load Washing Machine (HW80-IM12929",4.2 out of 5 stars,N/A,https://www.amazon.in/Haier-Automatic-Washing-Inverter-HW80-IM12929C/dp/B09QT66RXS/ref=zg_bs_g_1380369031_d_sccl_6/257-7859944-9146142?psc=1,2025-08-05 21:09:30
7,"LG 8 Kg, 5 Star, Smart Inverter Technology, Wi-Fi, Turbowash, Fully Automatic Top Load Washing Machine With In-built heater (",4.0 out of 5 stars,N/A,https://www.amazon.in/LG-Technology-Turbowash-Automatic-T80V4OB1S/dp/B0FDB5W3ZQ/ref=zg_bs_g_1380369031_d_sccl_7/257-7859944-9146142?psc=1,2025-08-05 21:09:30
8,"Samsung 12 kg, 5star, AI Control, AI Ecobubble, Super Speed, Wi-Fi, Hygiene Steam with Inbuilt Heater, Digital Inverter, Full",4.3 out of 5 stars,N/A,https://www.amazon.in/Samsung-Ecobubble-Inverter-Fully-Automatic-WW12DG6B24ASTL/dp/B0DFCWTNT6/ref=zg_bs_g_1380369031_d_sccl_8/257-7859944-9146142?psc=1,2025-08-05 21:09:30
9,"Voltas Beko, A Tata Product 6.5 Kg 5 Star Fully-Automatic Top Loading Washing Machine (WTL6504UEA/OBS2P10 Eco-Series,Dark Gre",4.0 out of 5 stars,N/A,https://www.amazon.in/Voltas-Beko-Fully-Automatic-WTL6504UEA-OBS2P10/dp/B0CW3K1TZL/ref=zg_bs_g_1380369031_d_sccl_9/257-7859944-9146142?psc=1,2025-08-05 21:09:30
10,Ionstar 7 Kg Semi Automatic Washing Machine - 5 Star Rated - 2025 - Top Load - Jet Pulsator - Magic Filter - Special Air Drye,4.3 out of 5 stars,N/A,https://www.amazon.in/Ionstar-Semi-Automatic-Washing-Machine/dp/B0DXQ5V717/ref=zg_bs_g_1380369031_d_sccl_10/257-7859944-9146142?psc=1,2025-08-05 21:09:30
11,"Samsung 12 kg, 5star, AI Ecobubble, Super Speed, Wi-Fi, Hygiene Steam with Inbuilt Heater, Digital Inverter, Fully-Automatic",4.2 out of 5 stars,"₹40,690.00",https://www.amazon.in/Samsung-Ecobubble-Inverter-Fully-Automatic-WW12DG5B24AXTL/dp/B0DFD25CCX/ref=zg_bs_g_1380369031_d_sccl_11/257-7859944-9146142?psc=1,2025-08-05 21:09:30
12,"Panasonic 7 Kg 5 Star Fully-Automatic Top Load Washing Machine (2025 Model, NA-F70LF4CRB, Charcoal Inox Grey, 12 Wash Program",4.2 out of 5 stars,N/A,https://www.amazon.in/Panasonic-Fully-Automatic-NA-F70LF4CRB-Technology-Antibacterial/dp/B0DSZRD6C5/ref=zg_bs_g_1380369031_d_sccl_12/257-7859944-9146142?psc=1,2025-08-05 21:09:30
13,"IFB 5.5 kg Fully-automatic Dryer (TURBO DRY EX, Silver, Wall Mountable,Anti crease)",3.6 out of 5 stars,N/A,https://www.amazon.in/IFB-Dryer-Dry-EX-Silver/dp/B00RE6RL8M/ref=zg_bs_g_1380369031_d_sccl_13/257-7859944-9146142?psc=1,2025-08-05 21:09:30
14,Ionstar 7.5 Kg Semi Automatic Washing Machine - 5 Star Rated - 2025 - Top Load - Jet Pulsator - Magic Filter - Special Air Dr,4.4 out of 5 stars,"₹6,750.00",https://www.amazon.in/Ionstar-Semi-Automatic-Washing-Machine/dp/B0DXQ5MQCF/ref=zg_bs_g_1380369031_d_sccl_14/257-7859944-9146142?psc=1,2025-08-05 21:09:30
15,"Samsung 7.5 Kg Inverter 5 Star Semi Automatic Top Load Washing Machine (WT75B3200RR/TL, Light Grey & Red Base, Air turbo dryi",4.1 out of 5 stars,N/A,https://www.amazon.in/Samsung-Inverter-Loading-WT75B3200RR-TL/dp/B0BWN5V717/ref=zg_bs_g_1380369031_d_sccl_15/257-7859944-9146142?psc=1,2025-08-05 21:09:30
16,"Voltas Beko, A Tata Product 10 Kg 5 Star Fully-Automatic Top Loading Washing Machine (WTL1006UEAH/OBS3060, Dark Grey, Inbuilt",4.2 out of 5 stars,N/A,https://www.amazon.in/Voltas-Beko-Fully-Automatic-WTL1006UEAH-OBS3060/dp/B0DDTV7RKJ/ref=zg_bs_g_1380369031_d_sccl_16/257-7859944-9146142?psc=1,2025-08-05 21:09:30
17,"LG 10.0 Kg 5 Star AI Direct Drive Technology, ThinQ (Wi-Fi), Steam Wash for Allergy Removal Fully Automatic Top Loading Washi",4.2 out of 5 stars,N/A,https://www.amazon.in/LG-Technology-Automatic-THD10SWM-Convenience/dp/B0D8VWX3P1/ref=zg_bs_g_1380369031_d_sccl_17/257-7859944-9146142?psc=1,2025-08-05 21:09:30
18,"Voltas Beko, A Tata Product 8.5 Kg 5 Star Semi-Automatic Top Loading Washing Machine (WTT85UHA/OK5I0I0W01, Blue, Air Dry & Pu",4.0 out of 5 stars,N/A,https://www.amazon.in/Voltas-Beko-Semi-Automatic-WTT85UHA-OK5I0I0W01/dp/B0CW98YV9M/ref=zg_bs_g_1380369031_d_sccl_18/257-7859944-9146142?psc=1,2025-08-05 21:09:30
19,"ROMINO 0.8Kg Portable Mini Washing Machine, Foldable Washing Machine Top Load Fully Automatic with 3 Modes Spinner and Dryer,",4.7 out of 5 stars,N/A,https://www.amazon.in/ROMINO-Portable-Washing-Foldable-Automatic/dp/B0FJMJFQ4H/ref=zg_bs_g_1380369031_d_sccl_19/257-7859944-9146142?psc=1,2025-08-05 21:09:30
20,MAXISMART MiNi wAsHiNg mAcHiNe tUrBiNe wAsHiNg mAcHiNe wAsHiNg mAcHiNe dOoR HiNgE UlTrAsOnIc lIgHtWeIgHt tUrBo wAsHeR WiTh uS,2.5 out of 5 stars,N/A,https://www.amazon.in/MAXISMART-wAsHiNg-mAcHiNe-UlTrAsOnIc-lIgHtWeIgHt/dp/B0DZHWMKD9/ref=zg_bs_g_1380369031_d_sccl_20/257-7859944-9146142?psc=1,2025-08-05 21:09:30
21,DMR-BG-138 Purple Color Portable and Foldable Electric Cloth Dryer Suitable for Drying 5-6 Clothes - 1-3 Hour Timer Setting -,4.2 out of 5 stars,N/A,https://www.amazon.in/DMR-BG-138-Purple-Portable-Foldable-Electric/dp/B0FHC14C87/ref=zg_bs_g_1380369031_d_sccl_21/257-7859944-9146142?psc=1,2025-08-05 21:09:30
22,MiNi WaShInG MaChInE TuRbInE WaShInG MaChInE WaShInG MaChInE DoOr HiNgE UlTrAsOnIc LiGhTwEiGhT TuRbO WaShEr WiTh UsB CaBlE -,5.0 out of 5 stars,N/A,https://www.amazon.in/WaShInG-MaChInE-TuRbInE-UlTrAsOnIc-LiGhTwEiGhT/dp/B0FH1NLDWV/ref=zg_bs_g_1380369031_d_sccl_22/257-7859944-9146142?psc=1,2025-08-05 21:09:30
23,SeMi AuToMaTiC FoLdInG 11L SmAlL MiNi WaShInG MaChInE WiTh DrYeR DeEp CLeAnInG FoR UnDeRwEaR WaShINg MaChInE SeMi AuToMaTiC M,2.0 out of 5 stars,N/A,https://www.amazon.in/AuToMaTiC-FoLdInG-WaShInG-CLeAnInG-UnDeRwEaR/dp/B0FHQKZBQZ/ref=zg_bs_g_1380369031_d_sccl_23/257-7859944-9146142?psc=1,2025-08-05 21:09:30
24,"IFB 9 Kg/6 Kg/3 Kg 3-in-1, AI Powered, Fully Automatic Washer Dryer Refresher (IFB Laundrimagic®, EXECUTIVE ZMN, 9 Swirl Wash",4.3 out of 5 stars,N/A,https://www.amazon.in/IFB-Laundrimagic%C2%AE-EXECUTIVE-ZMN-Technology/dp/B0DSLHH97S/ref=zg_bs_g_1380369031_d_sccl_24/257-7859944-9146142?psc=1,2025-08-05 21:09:30
25,SeMi AuToMaTiC FoLdInG 11L SmAlL MiNi WaShInG MaChInE WiTh DrYeR DeEp CLeAnInG FoR UnDeRwEaR WaShINg MaChInE SeMi AuToMaTiC A,5.0 out of 5 stars,N/A,https://www.amazon.in/AuToMaTiC-FoLdInG-WaShInG-CLeAnInG-UnDeRwEaR/dp/B0FHQKG78D/ref=zg_bs_g_1380369031_d_sccl_25/257-7859944-9146142?psc=1,2025-08-05 21:09:30
26,"Acer 10.0 Kg 5 Star Semi-Automatic Top Loading Washing Machine(AR10SAMBGL124D, Black-Grey, 4 Wash Programs, Hexa Flow Pulsato",4.2 out of 5 stars,N/A,https://www.amazon.in/Semi-Automatic-AR10SAMBGL124D-Black-Grey-Programs-Pulsator/dp/B0DK5S3PRZ/ref=zg_bs_g_1380369031_d_sccl_26/257-7859944-9146142?psc=1,2025-08-05 21:09:30
27,"Godrej 7 Kg 5 Star, Active Soak Technology, 370 W PowerMax Wash For Heavy Laundry Wash, Toughened Glass Lid, Semi Automatic T",4.2 out of 5 stars,N/A,https://www.amazon.in/Godrej-EDGE-CLS-5-0-GPGR/dp/B0BS6RFKKL/ref=zg_bs_g_1380369031_d_sccl_27/257-7859944-9146142?psc=1,2025-08-05 21:09:30
28,"Voltas Beko, A Tata Product 10 Kg 5 Star Fully-Automatic Top Loading Washing Machine (WTL1006UEA/OBS1060, Grey, Double Waterf",4.6 out of 5 stars,N/A,https://www.amazon.in/Voltas-Beko-Fully-Automatic-WTL1006UEA-OBS1060/dp/B0DDTVPH7V/ref=zg_bs_g_1380369031_d_sccl_28/257-7859944-9146142?psc=1,2025-08-05 21:09:30
29,SeMi AuToMaTiC FoLdInG 11L SmAlL MiNi WaShInG MaChInE WiTh DrYeR DeEp CLeAnInG FoR UnDeRwEaR WaShINg MaChInE SeMi AuToMaTiC L,5.0 out of 5 stars,N/A,https://www.amazon.in/AuToMaTiC-FoLdInG-WaShInG-CLeAnInG-UnDeRwEaR/dp/B0FHQKJLWP/ref=zg_bs_g_1380369031_d_sccl_29/257-7859944-9146142?psc=1,2025-08-05 21:09:30
30,"Panasonic 6.5 Kg 5 Star Fully-Automatic Top Load Washing Machine (2025 Model, NA-F65LF4CRB, Charcoal Inox Grey, 12 Wash Progr",4.2 out of 5 stars,"₹13,790.00",https://www.amazon.in/Panasonic-Fully-Automatic-NA-F65LF4CRB-Technology-Antibacterial/dp/B0DSZQ7MCL/ref=zg_bs_g_1380369031_d_sccl_30/257-7859944-9146142?psc=1,2025-08-05 21:09:30
31,"Voltas Beko, A Tata Product 9 Kg 5 Star Semi-Automatic Top Loading Washing Machine (WTT90UHA/OK5B1B1S23, Black, Pulsator Wash",4.0 out of 5 stars,N/A,https://www.amazon.in/Voltas-Beko-Semi-Automatic-WTT90UHA-OK5B1B1S23/dp/B0D95VC9WT/ref=zg_bs_g_1380369031_d_sccl_81/257-7859944-9146142?psc=1,2025-08-05 21:09:30
32,"Haier 9 Kg 5 Star Powered by AI-DBT with Direct Drive Technology, PuriSteam, 525mm Super Drum Fully Automatic Front Load Wash",4.1 out of 5 stars,"₹34,800.00",https://www.amazon.in/Haier-Technology-Fully-Automatic-EFL90-DM14IBIEBK-PuriSteam/dp/B0D45WX1HR/ref=zg_bs_g_1380369031_d_sccl_82/257-7859944-9146142?psc=1,2025-08-05 21:09:30
33,"Panasonic 7 kg 5 Star Inverter Fully Automatic Front Loading Washing Machine with Built-In Heater (NA-147MH2L01, Dark Silver,",4.3 out of 5 stars,N/A,https://www.amazon.in/Panasonic-Inverter-Automatic-Loading-NA-147MH2L01/dp/B0D5DDGTDN/ref=zg_bs_g_1380369031_d_sccl_83/257-7859944-9146142?psc=1,2025-08-05 21:09:30
34,"IFB 7.5 Kg 5 Star with DeepClean® Technology, AI Powered, Fully Automatic Top Load Washing Machine (TL751MS2S, PowerSteam®, I",3.8 out of 5 stars,N/A,https://www.amazon.in/IFB-DeepClean%C2%AE-Technology-TL751MS2S-PowerSteam%C2%AE/dp/B0DSLLJKPB/ref=zg_bs_g_1380369031_d_sccl_84/257-7859944-9146142?psc=1,2025-08-05 21:09:30
35,"Voltas beko, A TATA Product 7.5 kg Semi - Automatic Top Load Washer (2023 Model, WST75BBRT, Burgundy, Wings Pulsator wash met",3.8 out of 5 stars,"₹5,690.00",https://www.amazon.in/Voltas-Beko-Washer-Maroon-WST75BBRT/dp/B089PYVGNW/ref=zg_bs_g_1380369031_d_sccl_85/257-7859944-9146142?psc=1,2025-08-05 21:09:30
36,"IFB 9 Kg 5 Star with DeepClean® Technology, AI Powered, Fully Automatic Top Load Washing Machine (TL900NB2S, PowerSteam®, Inb",3.7 out of 5 stars,N/A,https://www.amazon.in/IFB-DeepClean%C2%AE-Technology-TL900NB2S-PowerSteam%C2%AE/dp/B0DSLKCQ7Q/ref=zg_bs_g_1380369031_d_sccl_86/257-7859944-9146142?psc=1,2025-08-05 21:09:30
37,SeMi AuToMaTiC FoLdInG 11L SmAlL MiNi WaShInG MaChInE WiTh DrYeR DeEp CLeAnInG FoR UnDeRwEaR WaShINg MaChInE SeMi AuToMaTiC Q,5.0 out of 5 stars,N/A,https://www.amazon.in/AuToMaTiC-FoLdInG-WaShInG-CLeAnInG-UnDeRwEaR/dp/B0FHHP6RW8/ref=zg_bs_g_1380369031_d_sccl_87/257-7859944-9146142?psc=1,2025-08-05 21:09:30
38,"Lukzer Mini Foldable Washing Machine | Portable, Compact & Lightweight Laundry Machine for Travel, Dorms & Small Spaces | Ide",N/A,N/A,https://www.amazon.in/Lukzer-Portable-Foldable-Collapsible-28x28x27-5cm/dp/B0CM9KQY3D/ref=zg_bs_g_1380369031_d_sccl_88/257-7859944-9146142?psc=1,2025-08-05 21:09:30
