Rank,Washing Machine Name,Rating,Price,Product Link,Start Time,End Time
1,"LG 9 Kg, 5 Star, AI Direct Drive Technology, Steam, 6 Motion DD & Wi-Fi Fully-Automatic Front Load Washing Machine (FHP1209Z5",4.2 out of 5 stars,"₹38,990.00",https://www.amazon.in/LG-Inverter-Fully-Automatic-Washing-FHP1209Z5M/dp/B0C3LHV43S/ref=zg_bs_g_1380373031_d_sccl_1/259-2893573-4903325?psc=1,2025-08-05 21:09:02,2025-08-05 21:09:02
2,Whirlpool 7 kg Magic Clean 5 Star Fully Automatic Top Load Washing Machine Grey (MAGIC CLEAN 7.0 GENX GREY 5YMW),4.0 out of 5 stars,"₹14,490.00",https://www.amazon.in/Whirlpool-MAGIC-CLEAN-7-0-GENX/dp/B0DSBRDRDV/ref=zg_bs_g_1380373031_d_sccl_2/259-2893573-4903325?psc=1,2025-08-05 21:09:02,2025-08-05 21:09:02
3,"Samsung 8 kg, 5 star, Eco Bubble Tech, Digital Inverter Motor, Soft Closing Door, Fully-Automatic Top Load Washing Machine (W",4.1 out of 5 stars,"₹19,490.00",https://www.amazon.in/Samsung-Fully-Automatic-Ecobubble-WA80BG4441BGTL-Technology/dp/B0B8NK5HTH/ref=zg_bs_g_1380373031_d_sccl_3/259-2893573-4903325?psc=1,2025-08-05 21:09:02,2025-08-05 21:09:02
4,"LG 8 Kg 5 Star Smart Inverter Technology Fully Automatic Top Load Washing Machine (T80VBMB4Z, Turbodrum, Auto Prewash, Stainl",4.1 out of 5 stars,"₹19,490.00",https://www.amazon.in/LG-Technology-Automatic-T80VBMB4Z-Turbodrum/dp/B0DPHTSTYJ/ref=zg_bs_g_1380373031_d_sccl_4/259-2893573-4903325?psc=1,2025-08-05 21:09:02,2025-08-05 21:09:02
5,"Samsung 7 kg, Eco Bubble Technology, Digital Inverter Motor, Soft Closing Door, Fully-Automatic Top Load Washing Machine (WA7",4.1 out of 5 stars,"₹17,489.00",https://www.amazon.in/Samsung-Inverter-Fully-Automatic-WA70BG4441YYTL-Technology/dp/B0B8NHX62W/ref=zg_bs_g_1380373031_d_sccl_5/259-2893573-4903325?psc=1,2025-08-05 21:09:02,2025-08-05 21:09:02
6,"LG 7 Kg 5 Star Smart Inverter Technology Fully Automatic Top Load Washing Machine (T70VBMB1Z, Auto Prewash, Turbodrum, Stainl",4.2 out of 5 stars,"₹17,490.00",https://www.amazon.in/LG-Technology-Automatic-T70VBMB1Z-Turbodrum/dp/B0DPHT2HZL/ref=zg_bs_g_1380373031_d_sccl_6/259-2893573-4903325?psc=1,2025-08-05 21:09:02,2025-08-05 21:09:02
7,Whirlpool 8 Kg 5 MAGIC CLEAN PRO SW H Fully Automatic Top Load Washing Machine (MAGIC CLEAN PRO SW H KG GREY 10YMW with In-Bu,3.9 out of 5 stars,"₹17,990.00",https://www.amazon.in/Whirlpool-Fully-Automatic-Washing-Machine/dp/B0DGLPJ1MB/ref=zg_bs_g_1380373031_d_sccl_7/259-2893573-4903325?psc=1,2025-08-05 21:09:02,2025-08-05 21:09:02
8,"Welko Portable Mini Washing Machine, Foldable Washing Machine Top Load Fully Automatic with 3 Modes Spinner and Dryer, Semi A",3.9 out of 5 stars,"₹1,699.00",https://www.amazon.in/Welko-Portable-Washing-Foldable-Automatic/dp/B0FGQG9FKJ/ref=zg_bs_g_1380373031_d_sccl_8/259-2893573-4903325?psc=1,2025-08-05 21:09:02,2025-08-05 21:09:02
9,"IFB 7 Kg 5 Star Powered by AI with 9 Swirl Wash, WiFi, Fully Automatic Front Load Washing Machine (SERENA GXN 7012, Steam Ref",4.0 out of 5 stars,"₹27,990.00",https://www.amazon.in/IFB-Automatic-SERENA-GXN-7012/dp/B0DFLL8FND/ref=zg_bs_g_1380373031_d_sccl_9/259-2893573-4903325?psc=1,2025-08-05 21:09:02,2025-08-05 21:09:02
10,Bosch 9kg 5 Star Anti Stain & AI Active Water Plus Fully Automatic Front Load Washing Machine with Built in Heater (WGA14200I,4.0 out of 5 stars,"₹35,990.00",https://www.amazon.in/Bosch-Automatic-WGA14200IN-Pretreatment-Bacteria/dp/B0D41L64NR/ref=zg_bs_g_1380373031_d_sccl_10/259-2893573-4903325?psc=1,2025-08-05 21:09:02,2025-08-05 21:09:02
11,"Pitinxa Portable Mini Washing Machine, Foldable Washing Machine Top Load Fully Automatic with 3 Modes Spinner and Dryer, Semi",4.4 out of 5 stars,"₹2,499.00",https://www.amazon.in/Pitinxa-Portable-Washing-Foldable-Automatic/dp/B0FGQBMNJP/ref=zg_bs_g_1380373031_d_sccl_11/259-2893573-4903325?psc=1,2025-08-05 21:09:02,2025-08-05 21:09:02
12,"Samsung 9 kg, 5 star, AI EcoBubble, Super Speed, Wi-Fi, Hygiene Steam with Inbuilt Heater, Digital Inverter, Fully-Automatic",4.3 out of 5 stars,"₹37,990.00",https://www.amazon.in/Samsung-EcoBubble-Inverter-Fully-Automatic-WW90DG5U24AXTL/dp/B0DRYMKCW4/ref=zg_bs_g_1380373031_d_sccl_12/259-2893573-4903325?psc=1,2025-08-05 21:09:02,2025-08-05 21:09:02
13,"Godrej 7 Kg 5 Star, AI Powered, Fabrisafe Steel Drum, Magic Lint Filter, Fills Tub At ~0 Water Pressure, Fully-Automatic Top",4.1 out of 5 stars,"₹13,990.00",https://www.amazon.in/Godrej-Fully-Automatic-WTEON-FDUN-GPGR/dp/B0F3DBMCBQ/ref=zg_bs_g_1380373031_d_sccl_13/259-2893573-4903325?psc=1,2025-08-05 21:09:02,2025-08-05 21:09:02
14,"Samsung 7 kg, Fully-Automatic Top Load Washing Machine with Diamond Drum (WA70A4002GS/TL, Imperial Silver)",4.3 out of 5 stars,"₹14,790.00",https://www.amazon.in/Samsung-Fully-Automatic-WA70A4002GS-TL-Imperial/dp/B08GXYZFNB/ref=zg_bs_g_1380373031_d_sccl_14/259-2893573-4903325?psc=1,2025-08-05 21:09:02,2025-08-05 21:09:02
15,"Whirlpool 7 Kg 5 Star Inverter Front Load Washing Machine with In-Built Heater (SUPREME CARE 7012 -E, Midnight Grey, 100+ Tou",4.1 out of 5 stars,"₹23,990.00",https://www.amazon.in/Whirlpool-Inverter-Washing-Midnight-Technology/dp/B0FGNX85XS/ref=zg_bs_g_1380373031_d_sccl_15/259-2893573-4903325?psc=1,2025-08-05 21:09:02,2025-08-05 21:09:02
16,"IFB 8 Kg 5 Star Powered by AI with 9 Swirl Wash, WiFi, Fully Automatic Front Load Washing Machine (Senator MBN 8012, Steam Re",4.1 out of 5 stars,"₹32,827.00",https://www.amazon.in/IFB-Automatic-MBN-8012-Inverter/dp/B0DCNVBFCL/ref=zg_bs_g_1380373031_d_sccl_16/259-2893573-4903325?psc=1,2025-08-05 21:09:02,2025-08-05 21:09:02
17,Whirlpool 6 kg Magic Clean 5 Star and Digital Display Fully Automatic Top Load Washing Machine Grey (MAGIC CLEAN 6.0 GENX GRE,3.8 out of 5 stars,"₹12,990.00",https://www.amazon.in/Whirlpool-MAGIC-CLEAN-6-0-GENX/dp/B0DSBQVGBP/ref=zg_bs_g_1380373031_d_sccl_17/259-2893573-4903325?psc=1,2025-08-05 21:09:02,2025-08-05 21:09:02
18,"Bosch 8 kg, 5 Star, AI Active Water+, Anti-Tangle, Steam Anti Bacterial, Anti-Wrinkle Fully-Automatic Front Loading Washing M",4.2 out of 5 stars,"₹33,990.00",https://www.amazon.in/Bosch-Fully-Automatic-Loading-Washing-WAJ2826BIN/dp/B0D47334T5/ref=zg_bs_g_1380373031_d_sccl_18/259-2893573-4903325?psc=1,2025-08-05 21:09:02,2025-08-05 21:09:02
19,"Whirlpool 7.0 Kg 5 Star MAGIC CLEAN Semi-Automatic Top Loading Washing Machine (MAGIC CLEAN RYL SRS 7.0 GREY DAZZLE (5YR), 4",4.2 out of 5 stars,"₹9,790.00",https://www.amazon.in/Whirlpool-Semi-Automatic-Loading-Comprehensive-Warranty/dp/B0DGLLG6FR/ref=zg_bs_g_1380373031_d_sccl_19/259-2893573-4903325?psc=1,2025-08-05 21:09:02,2025-08-05 21:09:02
20,"Samsung 9 kg, 5 star, Eco Bubble Technology, Wi-Fi, Soft Closing Door, Fully-Automatic Top Load Washing Machine (WA90BG4542BD",4.3 out of 5 stars,"₹22,990.00",https://www.amazon.in/Samsung-Fully-Automatic-Ecobubble-WA90BG4542BDTL-technology/dp/B0B8NHPWZF/ref=zg_bs_g_1380373031_d_sccl_20/259-2893573-4903325?psc=1,2025-08-05 21:09:02,2025-08-05 21:09:02
21,"Samsung 9 kg, 5 Star, AI Control, AI Ecobubble, Super Speed, Wi-Fi, Hygiene Steam with Inbuilt Heater, Digital Inverter, Full",4.3 out of 5 stars,"₹39,490.00",https://www.amazon.in/Samsung-Ecobubble-Inverter-Fully-Automatic-WW90DG6U24ASTL/dp/B0DS681G4K/ref=zg_bs_g_1380373031_d_sccl_21/259-2893573-4903325?psc=1,2025-08-05 21:09:02,2025-08-05 21:09:02
22,"IFB 6 Kg 5 Star Powered by AI with 9 Swirl Wash, Fully Automatic Front Load Washing Machine (DIVA GXN 6010, Steam Refresh Pro",4.0 out of 5 stars,"₹23,990.00",https://www.amazon.in/IFB-Automatic-DIVA-GXN-6010/dp/B0DFLT2Q9W/ref=zg_bs_g_1380373031_d_sccl_22/259-2893573-4903325?psc=1,2025-08-05 21:09:02,2025-08-05 21:09:02
23,"LG 9 Kg, 5 Star, Smart Inverter Technology, Turbodrum, Fully Automatic Top Load Washing Machine (T90AJMB1Z, Jetspray+, Turbow",4.2 out of 5 stars,"₹24,990.00",https://www.amazon.in/LG-Washing-Machine-Clean-T90AJMB1Z/dp/B0CKLS4V3G/ref=zg_bs_g_1380373031_d_sccl_23/259-2893573-4903325?psc=1,2025-08-05 21:09:02,2025-08-05 21:09:02
24,"IFB 9 Kg 5 Star with DeepClean® Technology, AI Powered, WiFi, Fully Automatic Front Load Washing Machine (EXECUTIVE MXN 9014K",3.9 out of 5 stars,"₹45,999.00",https://www.amazon.in/IFB-EXECUTIVE-MXN-9014K-CMS/dp/B0F8QV7RCR/ref=zg_bs_g_1380373031_d_sccl_24/259-2893573-4903325?psc=1,2025-08-05 21:09:02,2025-08-05 21:09:02
25,"LG 7 Kg, 5 Star, Steam, Inverter Direct Drive Technology, 6 Motion DD, Fully-Automatic Front Load Washing Machine (FHB1207Z2W",4.3 out of 5 stars,"₹25,990.00",https://www.amazon.in/LG-Technology-Fully-Automatic-FHB1207Z2W-Allergens/dp/B0F4QQVV1L/ref=zg_bs_g_1380373031_d_sccl_25/259-2893573-4903325?psc=1,2025-08-05 21:09:02,2025-08-05 21:09:02
26,"Samsung 10 Kg, 5 Star, AI Wash, Ecobubble, AI Energy Mode, AI VRT+, Soft Closing Door, Wi-Fi, Digital Inverter, Fully-Automat",4.1 out of 5 stars,"₹26,880.00",https://www.amazon.in/Samsung-Ecobubble-Inverter-Fully-Automatic-WA80F10E2LTL/dp/B0F2S2YTKP/ref=zg_bs_g_1380373031_d_sccl_26/259-2893573-4903325?psc=1,2025-08-05 21:09:02,2025-08-05 21:09:02
27,"Bosch 8 kg, 5 Star, AI Active Water+, Anti-Tangle, Steam Anti Bacteria, Anti-Wrinkle Fully-Automatic Front Loading Washing Ma",4.4 out of 5 stars,"₹31,990.00",https://www.amazon.in/Bosch-Anti-Tangle-Anti-Wrinkle-Fully-Automatic-WAJ28260IN/dp/B0F4K415FW/ref=zg_bs_g_1380373031_d_sccl_27/259-2893573-4903325?psc=1,2025-08-05 21:09:02,2025-08-05 21:09:02
28,"Samsung 7 kg, 5 star, EcoBubble Technology, Hygiene Steam with Inbuilt Heater, Digital Inverter, Fully-Automatic Front Load W",4.4 out of 5 stars,"₹29,990.00",https://www.amazon.in/Samsung-Technology-Fully-Automatic-WW70R22EK0X-TL/dp/B0DYVQR2CY/ref=zg_bs_g_1380373031_d_sccl_28/259-2893573-4903325?psc=1,2025-08-05 21:09:02,2025-08-05 21:09:02
29,"Samsung 8 Kg, 5 Star, AI Wash, Ecobubble, AI Energy Mode, AI VRT+, Super Speed, Soft Closing Door, Wi-Fi, Digital Inverter, F",4.2 out of 5 stars,"₹22,490.00",https://www.amazon.in/Samsung-Ecobubble-Inverter-Fully-Automatic-WA80F08S2LTL/dp/B0F2SLWGJW/ref=zg_bs_g_1380373031_d_sccl_29/259-2893573-4903325?psc=1,2025-08-05 21:09:02,2025-08-05 21:09:02
30,"Bosch 7 kg, 5 Star, AI active water+, Anti-Wrinkle, Anti-Tangle, Anti Bacteria Steam, Fully-Automatic Front Loading Washing M",4.2 out of 5 stars,"₹29,990.00",https://www.amazon.in/Bosch-Fully-Automatic-Loading-Washing-WAJ24266IN/dp/B0CFFPLZXJ/ref=zg_bs_g_1380373031_d_sccl_30/259-2893573-4903325?psc=1,2025-08-05 21:09:02,2025-08-05 21:09:02
31,"Haier 7 Kg 5 Star Fully Automatic Top Load Washing Machine with Oceanus Wave Drum, Magic Filter, 8 Wash Programs (HWM70-AE, M",4.0 out of 5 stars,"₹13,990.00",https://www.amazon.in/Haier-Automatic-Washing-HWM70-AE-Moonlight/dp/B08ZJHJ5DJ/ref=zg_bs_g_1380373031_d_sccl_31/259-2893573-4903325?psc=1,2025-08-05 21:09:02,2025-08-05 21:09:02
32,"Panasonic 7 Kg Wifi Fully-Automatic Top Loading Smart Washing Machine (NA-F70CH4CRB, Charcoal Inox Grey, 2025 Model, Drynamic",4.2 out of 5 stars,"₹16,990.00",https://www.amazon.in/Panasonic-Fully-Automatic-NA-F70CH4CRB-Charcoal-Drynamic/dp/B0DSZHMNYY/ref=zg_bs_g_1380373031_d_sccl_32/259-2893573-4903325?psc=1,2025-08-05 21:09:02,2025-08-05 21:09:02
33,Whirlpool 9 Kg 5 Star BloomWash Royal Plus Fully Automatic Top Load Washing Machine (BW ROYAL PLUS H 9 KG GREY 10YMW with In-,4.0 out of 5 stars,"₹21,990.00",https://www.amazon.in/Whirlpool-BloomWash-BW-ROYAL-PLUS/dp/B0CMZHKF8W/ref=zg_bs_g_1380373031_d_sccl_33/259-2893573-4903325?psc=1,2025-08-05 21:09:02,2025-08-05 21:09:02
34,"IFB 9 Kg 5 Star Powered by AI with 9 Swirl Wash, WiFi, Fully Automatic Front Load Washing Machine (Executive SXN 9014K, Steam",4.1 out of 5 stars,"₹36,240.00",https://www.amazon.in/IFB-Technology-Executive-SXN-9014K/dp/B0D7CPNWSN/ref=zg_bs_g_1380373031_d_sccl_34/259-2893573-4903325?psc=1,2025-08-05 21:09:02,2025-08-05 21:09:02
35,"Godrej 7 Kg 5 Star, AI Powered, Zero Pressure Tech Fills Tub At ~0 Water Pressure, Auto Balance system, Steel Drum, Fully Aut",3.7 out of 5 stars,"₹13,990.00",https://www.amazon.in/Godrej-Fully-Automatic-WTEON-FDTN-GPGR/dp/B0D62DRL4C/ref=zg_bs_g_1380373031_d_sccl_35/259-2893573-4903325?psc=1,2025-08-05 21:09:02,2025-08-05 21:09:02
36,"IFB 6.5 Kg 5 Star Powered by AI with 9 Swirl Wash, Fully Automatic Front Load Washing Machine (ELENA GXN 6510, Steam Refresh",4.1 out of 5 stars,"₹25,990.00",https://www.amazon.in/IFB-Automatic-ELENA-GXN-6510/dp/B0DFLWL16S/ref=zg_bs_g_1380373031_d_sccl_36/259-2893573-4903325?psc=1,2025-08-05 21:09:02,2025-08-05 21:09:02
37,"IFB 6.5 Kg 5 Star with Deep Clean® Technology, AI Powered, Fully Automatic Top Load Washing Machine (TL650MG1, ActivMix, Aqua",3.9 out of 5 stars,"₹16,990.00",https://www.amazon.in/IFB-Powered-Automatic-TL650MG1-ActivMix/dp/B0D8LGCYZD/ref=zg_bs_g_1380373031_d_sccl_37/259-2893573-4903325?psc=1,2025-08-05 21:09:02,2025-08-05 21:09:02
38,"Haier 8 kg 5 Star Powered by AI-DBT with PuriSteam, 525mm Super Drum Fully Automatic Front Load Washing Machine (HW80-IM12929",4.2 out of 5 stars,"₹28,990.00",https://www.amazon.in/Haier-Automatic-Washing-Inverter-HW80-IM12929C/dp/B09QT66RXS/ref=zg_bs_g_1380373031_d_sccl_38/259-2893573-4903325?psc=1,2025-08-05 21:09:02,2025-08-05 21:09:02
39,"LG 8 Kg, 5 Star, Smart Inverter Technology, Wi-Fi, Turbowash, Fully Automatic Top Load Washing Machine With In-built heater (",4.0 out of 5 stars,"₹25,990.00",https://www.amazon.in/LG-Technology-Turbowash-Automatic-T80V4OB1S/dp/B0FDB5W3ZQ/ref=zg_bs_g_1380373031_d_sccl_39/259-2893573-4903325?psc=1,2025-08-05 21:09:02,2025-08-05 21:09:02
40,"Samsung 12 kg, 5star, AI Control, AI Ecobubble, Super Speed, Wi-Fi, Hygiene Steam with Inbuilt Heater, Digital Inverter, Full",4.3 out of 5 stars,"₹45,990.00",https://www.amazon.in/Samsung-Ecobubble-Inverter-Fully-Automatic-WW12DG6B24ASTL/dp/B0DFCWTNT6/ref=zg_bs_g_1380373031_d_sccl_40/259-2893573-4903325?psc=1,2025-08-05 21:09:02,2025-08-05 21:09:02
41,"Samsung 12 kg, 5star, AI Ecobubble, Super Speed, Wi-Fi, Hygiene Steam with Inbuilt Heater, Digital Inverter, Fully-Automatic",4.2 out of 5 stars,"₹40,690.00",https://www.amazon.in/Samsung-Ecobubble-Inverter-Fully-Automatic-WW12DG5B24AXTL/dp/B0DFD25CCX/ref=zg_bs_g_1380373031_d_sccl_41/259-2893573-4903325?psc=1,2025-08-05 21:09:02,2025-08-05 21:09:02
42,"Panasonic 7 Kg 5 Star Fully-Automatic Top Load Washing Machine (2025 Model, NA-F70LF4CRB, Charcoal Inox Grey, 12 Wash Program",4.2 out of 5 stars,"₹14,590.00",https://www.amazon.in/Panasonic-Fully-Automatic-NA-F70LF4CRB-Technology-Antibacterial/dp/B0DSZRD6C5/ref=zg_bs_g_1380373031_d_sccl_42/259-2893573-4903325?psc=1,2025-08-05 21:09:02,2025-08-05 21:09:02
43,"LG 10.0 Kg 5 Star AI Direct Drive Technology, ThinQ (Wi-Fi), Steam Wash for Allergy Removal Fully Automatic Top Loading Washi",4.2 out of 5 stars,"₹32,990.00",https://www.amazon.in/LG-Technology-Automatic-THD10SWM-Convenience/dp/B0D8VWX3P1/ref=zg_bs_g_1380373031_d_sccl_43/259-2893573-4903325?psc=1,2025-08-05 21:09:02,2025-08-05 21:09:02
44,"ROMINO 0.8Kg Portable Mini Washing Machine, Foldable Washing Machine Top Load Fully Automatic with 3 Modes Spinner and Dryer,",4.7 out of 5 stars,"₹1,899.00",https://www.amazon.in/ROMINO-Portable-Washing-Foldable-Automatic/dp/B0FJMJFQ4H/ref=zg_bs_g_1380373031_d_sccl_44/259-2893573-4903325?psc=1,2025-08-05 21:09:02,2025-08-05 21:09:02
45,MAXISMART MiNi wAsHiNg mAcHiNe tUrBiNe wAsHiNg mAcHiNe wAsHiNg mAcHiNe dOoR HiNgE UlTrAsOnIc lIgHtWeIgHt tUrBo wAsHeR WiTh uS,2.5 out of 5 stars,₹271.00,https://www.amazon.in/MAXISMART-wAsHiNg-mAcHiNe-UlTrAsOnIc-lIgHtWeIgHt/dp/B0DZHWMKD9/ref=zg_bs_g_1380373031_d_sccl_45/259-2893573-4903325?psc=1,2025-08-05 21:09:02,2025-08-05 21:09:02
46,MiNi WaShInG MaChInE TuRbInE WaShInG MaChInE WaShInG MaChInE DoOr HiNgE UlTrAsOnIc LiGhTwEiGhT TuRbO WaShEr WiTh UsB CaBlE -,5.0 out of 5 stars,₹399.00,https://www.amazon.in/WaShInG-MaChInE-TuRbInE-UlTrAsOnIc-LiGhTwEiGhT/dp/B0FH1NLDWV/ref=zg_bs_g_1380373031_d_sccl_46/259-2893573-4903325?psc=1,2025-08-05 21:09:02,2025-08-05 21:09:02
47,"Voltas Beko, A Tata Product 10 Kg 5 Star Fully-Automatic Top Loading Washing Machine (WTL1006UEAH/OBS3060, Dark Grey, Inbuilt",4.2 out of 5 stars,"₹19,990.00",https://www.amazon.in/Voltas-Beko-Fully-Automatic-WTL1006UEAH-OBS3060/dp/B0DDTV7RKJ/ref=zg_bs_g_1380373031_d_sccl_47/259-2893573-4903325?psc=1,2025-08-05 21:09:02,2025-08-05 21:09:02
48,"Acer 10.0 Kg 5 Star Semi-Automatic Top Loading Washing Machine(AR10SAMBGL124D, Black-Grey, 4 Wash Programs, Hexa Flow Pulsato",4.2 out of 5 stars,"₹11,999.00",https://www.amazon.in/Semi-Automatic-AR10SAMBGL124D-Black-Grey-Programs-Pulsator/dp/B0DK5S3PRZ/ref=zg_bs_g_1380373031_d_sccl_48/259-2893573-4903325?psc=1,2025-08-05 21:09:02,2025-08-05 21:09:02
49,"Voltas Beko, A Tata Product 10 Kg 5 Star Fully-Automatic Top Loading Washing Machine (WTL1006UEA/OBS1060, Grey, Double Waterf",4.6 out of 5 stars,"₹18,990.00",https://www.amazon.in/Voltas-Beko-Fully-Automatic-WTL1006UEA-OBS1060/dp/B0DDTVPH7V/ref=zg_bs_g_1380373031_d_sccl_49/259-2893573-4903325?psc=1,2025-08-05 21:09:02,2025-08-05 21:09:02
50,"Panasonic 6.5 Kg 5 Star Fully-Automatic Top Load Washing Machine (2025 Model, NA-F65LF4CRB, Charcoal Inox Grey, 12 Wash Progr",4.2 out of 5 stars,"₹13,790.00",https://www.amazon.in/Panasonic-Fully-Automatic-NA-F65LF4CRB-Technology-Antibacterial/dp/B0DSZQ7MCL/ref=zg_bs_g_1380373031_d_sccl_50/259-2893573-4903325?psc=1,2025-08-05 21:09:02,2025-08-05 21:09:02
51,"Haier 9 Kg 5 Star Powered by AI-DBT with Direct Drive Technology, PuriSteam, 525mm Super Drum Fully Automatic Front Load Wash",4.1 out of 5 stars,"₹34,800.00",https://www.amazon.in/Haier-Technology-Fully-Automatic-EFL90-DM14IBIEBK-PuriSteam/dp/B0D45WX1HR/ref=zg_bs_g_1380373031_d_sccl_1/259-2893573-4903325?psc=1,2025-08-05 21:09:08,2025-08-05 21:09:08
52,"Panasonic 7 kg 5 Star Inverter Fully Automatic Front Loading Washing Machine with Built-In Heater (NA-147MH2L01, Dark Silver,",4.3 out of 5 stars,"₹26,490.00",https://www.amazon.in/Panasonic-Inverter-Automatic-Loading-NA-147MH2L01/dp/B0D5DDGTDN/ref=zg_bs_g_1380373031_d_sccl_2/259-2893573-4903325?psc=1,2025-08-05 21:09:08,2025-08-05 21:09:08
53,"IFB 7.5 Kg 5 Star with DeepClean® Technology, AI Powered, Fully Automatic Top Load Washing Machine (TL751MS2S, PowerSteam®, I",3.8 out of 5 stars,"₹22,272.00",https://www.amazon.in/IFB-DeepClean%C2%AE-Technology-TL751MS2S-PowerSteam%C2%AE/dp/B0DSLLJKPB/ref=zg_bs_g_1380373031_d_sccl_3/259-2893573-4903325?psc=1,2025-08-05 21:09:08,2025-08-05 21:09:08
54,"IFB 9 Kg 5 Star with DeepClean® Technology, AI Powered, Fully Automatic Top Load Washing Machine (TL900NB2S, PowerSteam®, Inb",3.7 out of 5 stars,"₹25,360.00",https://www.amazon.in/IFB-DeepClean%C2%AE-Technology-TL900NB2S-PowerSteam%C2%AE/dp/B0DSLKCQ7Q/ref=zg_bs_g_1380373031_d_sccl_4/259-2893573-4903325?psc=1,2025-08-05 21:09:08,2025-08-05 21:09:08
55,"Lukzer Mini Foldable Washing Machine | Portable, Compact & Lightweight Laundry Machine for Travel, Dorms & Small Spaces | Ide",N/A,"₹1,299.00",https://www.amazon.in/Lukzer-Portable-Foldable-Collapsible-28x28x27-5cm/dp/B0CM9KQY3D/ref=zg_bs_g_1380373031_d_sccl_5/259-2893573-4903325?psc=1,2025-08-05 21:09:08,2025-08-05 21:09:08
56,"Haier 7 Kg 5 Star Powered by AI-DBT with PuriSteam, 525mm Super Drum Fully Automatic Front Load Washing Machine (HW70-IM12929",4.2 out of 5 stars,"₹28,990.00",https://www.amazon.in/Haier-Frontload-Refresh-rating-HM70-IM12929BK/dp/B0CV4C5NJQ/ref=zg_bs_g_1380373031_d_sccl_6/259-2893573-4903325?psc=1,2025-08-05 21:09:08,2025-08-05 21:09:08
57,"Voltas Beko, A Tata Product 11 Kg 5 Star Fully-Automatic Top Loading Washing Machine (WTL1106UEA / OBS1060, Grey, Double Wate",3.9 out of 5 stars,"₹19,999.00",https://www.amazon.in/Voltas-Beko-Fully-Automatic-WTL1106UEA-OBS1060/dp/B0DCVZWYJV/ref=zg_bs_g_1380373031_d_sccl_7/259-2893573-4903325?psc=1,2025-08-05 21:09:08,2025-08-05 21:09:08
58,Godrej 6.5 Kg 5 Star I-Wash Technology for Automatic One Touch Wash Fully-Automatic Top Load Washing Machine (WTEON 650 AP 5.,4.1 out of 5 stars,"₹11,990.00",https://www.amazon.in/Godrej-Fully-Automatic-WTEON-650-GPGR/dp/B0BVRDB47D/ref=zg_bs_g_1380373031_d_sccl_8/259-2893573-4903325?psc=1,2025-08-05 21:09:08,2025-08-05 21:09:08
59,"IFB 11 Kg 5 Star with DeepClean® Technology, AI Powered, WiFi, Fully Automatic Front Load Washing Machine (EXECUTIVE PLUS BXN",4.5 out of 5 stars,"₹48,990.00",https://www.amazon.in/IFB-EXECUTIVE-PLUS-BXN-1114KH/dp/B0FF36NSM4/ref=zg_bs_g_1380373031_d_sccl_9/259-2893573-4903325?psc=1,2025-08-05 21:09:08,2025-08-05 21:09:08
60,DEXURIES Heavy Duty Top Load Washing Machine Roller | Belan | Pulsator Rolller for Samsung TOP Load Washing Machine Part Repl,4.2 out of 5 stars,₹179.00,https://www.amazon.in/DEXURIES-Washing-Machine-Pulsator-Replacement/dp/B0C3ZKTW6D/ref=zg_bs_g_1380373031_d_sccl_10/259-2893573-4903325?psc=1,2025-08-05 21:09:08,2025-08-05 21:09:08
61,"Voltas Beko, A Tata Product 8 Kg 5 Star Inverter Quick wash Fully-Automatic Front Loading Washing Machine (WFL8012B7JVBKA/AXV",5.0 out of 5 stars,"₹25,990.00",https://www.amazon.in/Voltas-Beko-Fully-Automatic-WFL8012B7JVBKA-AXV/dp/B0FDH7M1QS/ref=zg_bs_g_1380373031_d_sccl_11/259-2893573-4903325?psc=1,2025-08-05 21:09:08,2025-08-05 21:09:08
62,"Haier 7 kg 5 Star Ultra air fresh Fully Automatic Top Load, (HWM70-306S8,Dark Jade Silver)",4.2 out of 5 stars,"₹14,990.00",https://www.amazon.in/Haier-Technology-Toughened-Automatic-HWM70-306S8/dp/B0D49QMJNY/ref=zg_bs_g_1380373031_d_sccl_12/259-2893573-4903325?psc=1,2025-08-05 21:09:08,2025-08-05 21:09:08
63,AMAZOR Roller Compatible for Samsung Washing Machine Pulsator/Washing Machine Pulsator Roller (2 pcs Set) (Roller Size 7.9 cm,4.2 out of 5 stars,₹145.00,https://www.amazon.in/Roller-Compatible-Samsung-Washing-Pulsator/dp/B0BYF8Q2L7/ref=zg_bs_g_1380373031_d_sccl_13/259-2893573-4903325?psc=1,2025-08-05 21:09:08,2025-08-05 21:09:08
64,Semi Automatic Folding 2kg Top Loading Mini Washing Machine with Dryer Deep Cleaning for Underwear Washing Machine Clothes Wa,1.5 out of 5 stars,"₹1,299.00",https://www.amazon.in/Automatic-Folding-Loading-Cleaning-Underwear/dp/B0FFN34RKL/ref=zg_bs_g_1380373031_d_sccl_14/259-2893573-4903325?psc=1,2025-08-05 21:09:08,2025-08-05 21:09:08
65,"Acer 8.0 Kg 5 Star Fully-Automatic Top Loading Washing Machine (AR80HFATLH2C2CR24D, Cherry Red,12 Wash Programs, In-Built Hea",4.1 out of 5 stars,"₹15,999.00",https://www.amazon.in/Fully-Automatic-Loading-Washing-AR80HFATLH2C2CR24D-Programs/dp/B0DK5SXHYY/ref=zg_bs_g_1380373031_d_sccl_15/259-2893573-4903325?psc=1,2025-08-05 21:09:08,2025-08-05 21:09:08
66,"Haier 10.5 kg 5 Star Inbuilt Butterfly heater, Oceanus Wave Drum Washing Machine Fully Automatic Top Load (HWM105-H688BK,Blac",4.2 out of 5 stars,"₹25,990.00",https://www.amazon.in/Haier-Inbuilt-Butterfly-Automatic-HWM105-H688BK/dp/B0FCSDL7CP/ref=zg_bs_g_1380373031_d_sccl_16/259-2893573-4903325?psc=1,2025-08-05 21:09:08,2025-08-05 21:09:08
67,HOMEAPPY Latest Mini Washing Machine || Single Tub Portable Washing Machine with Anti Bacterial Function of Blue UV Light Rot,3.2 out of 5 stars,N/A,https://www.amazon.in/HOMEAPPY-Portable-Bacterial-Controller-Underwear/dp/B0CQXRJH19/ref=zg_bs_g_1380373031_d_sccl_17/259-2893573-4903325?psc=1,2025-08-05 21:09:08,2025-08-05 21:09:08
68,Original L.G Spin Inner lid Fit for L.G. Spin Inner lid Compatible for lg 6-7.5 kg semi Automatic Washing Machine only Washin,3.9 out of 5 stars,₹155.73,https://www.amazon.in/Original-Compatible-Automatic-Washing-Machine/dp/B0CTKXW24Y/ref=zg_bs_g_1380373031_d_sccl_18/259-2893573-4903325?psc=1,2025-08-05 21:09:08,2025-08-05 21:09:08
69,"Voltas Beko, A Tata Product 8 kg 5 Star Fully-Automatic Top Loading Washing Machine (2025 Model, WTL8006UEA / OBS1060, Grey,",4.3 out of 5 stars,"₹15,990.00",https://www.amazon.in/Voltas-Beko-Fully-Automatic-WTL8006UEA-OBS1060/dp/B0F2TFK5YN/ref=zg_bs_g_1380373031_d_sccl_19/259-2893573-4903325?psc=1,2025-08-05 21:09:08,2025-08-05 21:09:08
70,"Whirlpool 11Kg Semi-Automatic Top Loading Washing Machine (ACE XL 11 DMIX GRAPHITE GREY,10YR MW, Dynamix Detergent Dispenser)",4.2 out of 5 stars,"₹16,304.00",https://www.amazon.in/Whirlpool-DMIX-GRAPHITE-GREY-10YR/dp/B0D13N36TB/ref=zg_bs_g_1380373031_d_sccl_20/259-2893573-4903325?psc=1,2025-08-05 21:09:08,2025-08-05 21:09:08
71,"LG 7.5 Kg 5 Star Smart Inverter Technology Fully Automatic Top Load Washing Machine (T75VBMB1Z, Auto Prewash, Turbodrum, Stai",4.1 out of 5 stars,"₹18,990.00",https://www.amazon.in/LG-Technology-Automatic-T75VBMB1Z-Turbodrum/dp/B0DQY8JMMD/ref=zg_bs_g_1380373031_d_sccl_21/259-2893573-4903325?psc=1,2025-08-05 21:09:08,2025-08-05 21:09:08
72,"Godrej 6 Kg 5 Star AI Powered, Eco Wash, Steam Wash, Anti-Fade Color Programs, Pause The Wash Cycle, Child Lock, Fully Automa",3.9 out of 5 stars,"₹22,790.00",https://www.amazon.in/Godrej-Fully-Automatic-WFEON-ARG-6010/dp/B0D53LM2CX/ref=zg_bs_g_1380373031_d_sccl_22/259-2893573-4903325?psc=1,2025-08-05 21:09:08,2025-08-05 21:09:08
73,"Voltas Beko, A Tata Product 8 Kg 5 Star Semi-automatic Top Load Washing Machine with Double Waterfall Technology (WTT80UHA /",N/A,"₹9,890.00",https://www.amazon.in/Voltas-Beko-Semi-automatic-WTT80UHA-OK5I0I0W01E/dp/B0FB3GN6D1/ref=zg_bs_g_1380373031_d_sccl_23/259-2893573-4903325?psc=1,2025-08-05 21:09:08,2025-08-05 21:09:08
74,"IFB 10 Kg 5 Star AI Powered Fully Automatic Top Load Washing Machine (TL S4RBS 10.0 Kg Aqua, Sparkle Silver, 2X Power Steam,",4.2 out of 5 stars,"₹31,950.00",https://www.amazon.in/IFB-S4RBS-10-0-Aqua-Comprehensive/dp/B0CQNZC5GS/ref=zg_bs_g_1380373031_d_sccl_24/259-2893573-4903325?psc=1,2025-08-05 21:09:08,2025-08-05 21:09:08
75,"Whirlpool 7 Kg 5 Star Inverter Front Load Fully Automatic Washing Machine with In-Built Heater (XS7010BWW52E, Crystal White,",4.0 out of 5 stars,"₹23,990.00",https://www.amazon.in/Whirlpool-Inverter-Automatic-XS7010BWW52E-Technology/dp/B0CVX73ZLT/ref=zg_bs_g_1380373031_d_sccl_25/259-2893573-4903325?psc=1,2025-08-05 21:09:08,2025-08-05 21:09:08
76,"ROMINO 0.8Kg Portable Mini Washing Machine, Foldable Washing Machine Top Load Fully Automatic with 3 Modes Spinner and Dryer,",5.0 out of 5 stars,"₹1,889.00",https://www.amazon.in/ROMINO-Portable-Washing-Foldable-Automatic/dp/B0FHGQRXWM/ref=zg_bs_g_1380373031_d_sccl_26/259-2893573-4903325?psc=1,2025-08-05 21:09:08,2025-08-05 21:09:08
77,HOMEAPPY Mini Top Loading Washing Machine || Steel Drum Portable Washing Machine with Anti Bacterial Function of Blue UV Ligh,3.6 out of 5 stars,"₹5,199.00",https://www.amazon.in/HOMEAPPY-Mini-Bacterial-Controller-Underwear/dp/B0DN6GZXQH/ref=zg_bs_g_1380373031_d_sccl_27/259-2893573-4903325?psc=1,2025-08-05 21:09:08,2025-08-05 21:09:08
78,Godrej 8 Kg 5 Star Zero Pressure (0.02 MPa) Technology With Steel Drum Fully-Automatic Top Load Washing Machine (WTEON ADA 80,4.1 out of 5 stars,"₹17,990.00",https://www.amazon.in/Godrej-Fully-Automatic-WTEON-FEFN-GLGR/dp/B0D8VPSYXL/ref=zg_bs_g_1380373031_d_sccl_28/259-2893573-4903325?psc=1,2025-08-05 21:09:08,2025-08-05 21:09:08
79,DMR 3kg 2 Star Portable Washing Machine - Only Washer (No Dryer) - Model DMR OW-30. (Blue).,3.5 out of 5 stars,"₹4,749.00",https://www.amazon.in/DMR-Star-Portable-Washing-Machine/dp/B0DXQ56X6N/ref=zg_bs_g_1380373031_d_sccl_29/259-2893573-4903325?psc=1,2025-08-05 21:09:08,2025-08-05 21:09:08
80,DMR Model DMR 46-1218 (W2Yr) Top Load 4 star Single Tub 4.6Kg Portable Mini Washing Machine with 2kg Steel Dryer Basket (Blue,3.5 out of 5 stars,"₹6,399.00",https://www.amazon.in/DMR-46-1218-Portable-Washing-Blue/dp/B07QKLKTHX/ref=zg_bs_g_1380373031_d_sccl_30/259-2893573-4903325?psc=1,2025-08-05 21:09:08,2025-08-05 21:09:08
81,"Godrej 7.5 Kg 5 Star Rollercoaster Wash Tech, Fills Tub At ~0 Water Pressure, Strong Wash Waves, Steel Drum Fully Automatic T",3.8 out of 5 stars,"₹15,590.00",https://www.amazon.in/Godrej-Fully-Automatic-WTEON-FDTN-GPGR/dp/B0D6W7R8HN/ref=zg_bs_g_1380373031_d_sccl_81/259-2893573-4903325?psc=1,2025-08-05 21:09:08,2025-08-05 21:09:08
82,DMR-OW-75 Only Washer with 7.5Kg Washing Capacity and 1 Year Free Spare Supply Warranty. (Only Washer - No Spin dryer) (Black,3.7 out of 5 stars,"₹5,299.00",https://www.amazon.in/DMR-OW-75-Washer-Washing-Capacity-Warranty/dp/B0F13NW3WP/ref=zg_bs_g_1380373031_d_sccl_82/259-2893573-4903325?psc=1,2025-08-05 21:09:08,2025-08-05 21:09:08
83,"ROMINO 0.8Kg Portable Foldable Mini Top Loading Washing Machine Fully Automatic with 3 Mode Spinner and Dryer, Semi Automatic",2.3 out of 5 stars,"₹1,899.00",https://www.amazon.in/ROMINO-Portable-Foldable-Loading-Automatic/dp/B0FCFH8L85/ref=zg_bs_g_1380373031_d_sccl_83/259-2893573-4903325?psc=1,2025-08-05 21:09:08,2025-08-05 21:09:08
84,"Samsung 8 kg, 5 star, Eco Bubble Technology, AI Control, Wi-Fi, Fully-Automatic Front Load Washing Machine (WW80T504DAX1TL, H",4.3 out of 5 stars,"₹36,990.00",https://www.amazon.in/Samsung-Technology-Control-Fully-Automatic-WW80T504DAX1TL/dp/B0CPJG92ZS/ref=zg_bs_g_1380373031_d_sccl_84/259-2893573-4903325?psc=1,2025-08-05 21:09:08,2025-08-05 21:09:08
85,Sanavya Pulsator Compatible with Godrej 800pds | Godrej 800pd | Godrej 650pd Semi Automatic Washing Machine Blue (Round Shaft,3.8 out of 5 stars,₹499.00,https://www.amazon.in/Sanavya-Pulsator-Compatible-Godrej-Automatic/dp/B0CFQRZ3KD/ref=zg_bs_g_1380373031_d_sccl_85/259-2893573-4903325?psc=1,2025-08-05 21:09:08,2025-08-05 21:09:08
86,Semi Automatic Folding 2kg Top Loading Mini Washing Machine with Dryer Deep Cleaning for Underwear Washing Machine Clothes Wa,1.0 out of 5 stars,"₹1,499.00",https://www.amazon.in/Automatic-Folding-Loading-Cleaning-Underwear/dp/B0FFMZZNRJ/ref=zg_bs_g_1380373031_d_sccl_86/259-2893573-4903325?psc=1,2025-08-05 21:09:08,2025-08-05 21:09:08
87,KIHC Pulsator Roller Compatible with Samsung/Washing Machine (2 pcs Set),3.2 out of 5 stars,₹139.00,https://www.amazon.in/KIHC-Pulsator-Compatible-Samsung-Washing/dp/B0BMQKLFL6/ref=zg_bs_g_1380373031_d_sccl_87/259-2893573-4903325?psc=1,2025-08-05 21:09:08,2025-08-05 21:09:08
88,"Portable Handy Washer With 5 Minutes Timer Belt, Copper Coil Motor with 1 Year Warranty",5.0 out of 5 stars,"₹2,692.00",https://www.amazon.in/Portable-Washer-Minutes-Copper-Warranty/dp/B0DHPGCMNJ/ref=zg_bs_g_1380373031_d_sccl_88/259-2893573-4903325?psc=1,2025-08-05 21:09:08,2025-08-05 21:09:08
89,"LG 12 Kg, 5 Star, AI Direct Drive Technology, Wi-Fi, Steam Fully Automatic Front-Loading Washing Machine (FHP1412Z5O, Intelli",5.0 out of 5 stars,"₹47,990.00",https://www.amazon.in/LG-Technology-Front-Loading-FHP1412Z5O-Intelligent/dp/B0FDBBZWT6/ref=zg_bs_g_1380373031_d_sccl_89/259-2893573-4903325?psc=1,2025-08-05 21:09:08,2025-08-05 21:09:08
90,FORGEOG-PoRtaBle-WaShinG-MaChinE-Mini-wAsheR-uSB-TurbIne-WashIng-MacHine-wiTh-USB-DeEp-ClEaniNg-of-UnderWear-BabY-CloTHes-and,2.6 out of 5 stars,₹271.00,https://www.amazon.in/FORGEOG-FORGEOG-PoRtaBle-WaShinG-MaChinE-Mini-wAsheR-uSB-TurbIne-WashIng-MacHine-wiTh-USB-DeEp-ClEaniNg-of-UnderWear-BabY-CloTHes-and-SMall-ClothEs-SUitaBle-for-BusINess-TraVel-AparTmenT-XO9/dp/B0DHGV3BHL/ref=zg_bs_g_1380373031_d_sccl_90/259-2893573-4903325?psc=1,2025-08-05 21:09:08,2025-08-05 21:09:08
91,Semi Automatic Folding 2kg Top Loading Mini Washing Machine with Dryer Deep Cleaning for Underwear Washing Machine Clothes Wa,5.0 out of 5 stars,N/A,https://www.amazon.in/Automatic-Mini-Washing-Cleaning-Underwear/dp/B0FF4P9MCJ/ref=zg_bs_g_1380373031_d_sccl_91/259-2893573-4903325?psc=1,2025-08-05 21:09:08,2025-08-05 21:09:08
92,"Voltas Beko, A Tata Product 7 Kg 5 Star Inverter, Quick 14-Min Wash Fully Automatic Front Load Washing Machine (WFL7012B7JVBK",3.7 out of 5 stars,"₹23,390.00",https://www.amazon.in/Voltas-Beko-Automatic-WFL7012B7JVBKA-WXV/dp/B0DB585DYQ/ref=zg_bs_g_1380373031_d_sccl_92/259-2893573-4903325?psc=1,2025-08-05 21:09:08,2025-08-05 21:09:08
93,FUSION STAR Pulsator Roller/Belan for Samsung Top Load Fully Automatic Washing Machine Replacement Parts Size 9.7 CM (Set of,4.0 out of 5 stars,₹114.30,https://www.amazon.in/FUSION-STAR-Automatic-Replacement-FS-67/dp/B0D3ZGP197/ref=zg_bs_g_1380373031_d_sccl_93/259-2893573-4903325?psc=1,2025-08-05 21:09:08,2025-08-05 21:09:08
94,"IFB 10Kg 5 Star with Deep Clean Oxyjet Technology, AI Powered, Fully Automatic Front Load Washing Machine (EXECUTIVE PLUS VSC",4.4 out of 5 stars,"₹46,240.00",https://www.amazon.in/IFB-EXECUTIVE-PLUS-VSC-1014/dp/B0D7CN1KHY/ref=zg_bs_g_1380373031_d_sccl_94/259-2893573-4903325?psc=1,2025-08-05 21:09:08,2025-08-05 21:09:08
95,Sanavya® Pulsator Compatible for Samsung Top Load Washing Machine/Washing Machine Pulsator 6 and 6.5kg (Match Size),4.2 out of 5 stars,₹499.00,https://www.amazon.in/Pulsator-Compatible-Samsung-Washing-Machine/dp/B0B65MKLQT/ref=zg_bs_g_1380373031_d_sccl_95/259-2893573-4903325?psc=1,2025-08-05 21:09:08,2025-08-05 21:09:08
96,"Voltas Beko, A Tata Product 6.5 KG 5 Star Fully Automatic Front Load Washing Machine with Hygiene wash (WFL6512B7COUBAA/WWV,",N/A,"₹21,490.00",https://www.amazon.in/Voltas-Beko-Automatic-WFL6512B7COUBAA-WWV/dp/B0F6D7J9JR/ref=zg_bs_g_1380373031_d_sccl_96/259-2893573-4903325?psc=1,2025-08-05 21:09:08,2025-08-05 21:09:08
97,"Godrej 7 Kg 5 Star, AI Powered, Inbuilt Heater, Steam Wash, FabriSafe Drum, Refresh Cycle, 65% Water Saving, Fully Automatic",3.7 out of 5 stars,"₹24,450.00",https://www.amazon.in/Godrej-WFEON-7010-FKEDM-GLWH/dp/B0D2QWCCC2/ref=zg_bs_g_1380373031_d_sccl_97/259-2893573-4903325?psc=1,2025-08-05 21:09:08,2025-08-05 21:09:08
98,"Bosch 9 kg Fully Automatic Front load Condenser Tumble Dryer (2024 Model, WPG24108IN, 5 Drying Options, 14 Programs, Allergy",4.3 out of 5 stars,"₹51,900.00",https://www.amazon.in/Bosch-Automatic-Condenser-WPG24108IN-Inbuilt/dp/B0CV5DGQBT/ref=zg_bs_g_1380373031_d_sccl_98/259-2893573-4903325?psc=1,2025-08-05 21:09:08,2025-08-05 21:09:08
99,FUSION STAR Pulsator Square Shaft Suitable for Samsung Top Load Fully Automatic Washing Machine Replacement Parts Match & Buy,3.8 out of 5 stars,₹599.00,https://www.amazon.in/FUSION-STAR-Pulsator-Automatic-Replacement/dp/B0CPFSXVFS/ref=zg_bs_g_1380373031_d_sccl_99/259-2893573-4903325?psc=1,2025-08-05 21:09:08,2025-08-05 21:09:08
100,Dreamyland MiNi wAsHiNg mAcHiNe tUrBiNe wAsHiNg mAcHiNe wAsHiNg mAcHiNe dOoR HiNgE UlTrAsOnIc lIgHtWeIgHt tUrBo wAsHeR WiTh u,2.6 out of 5 stars,₹295.00,https://www.amazon.in/Dreamyland-wAsHiNg-mAcHiNe-UlTrAsOnIc-lIgHtWeIgHt/dp/B0DQQ8K6VD/ref=zg_bs_g_1380373031_d_sccl_100/259-2893573-4903325?psc=1,2025-08-05 21:09:08,2025-08-05 21:09:08
