Rank,AC Name,Rating,Price,Product Link,Start Time,End Time
1,"Daikin 1.5 Ton 3 Star Inverter Split AC (Copper, PM 2.5 Filter, Triple Display, Dew Clean Technology, Coanda Airflow, 2024 Mo",3.9 out of 5 stars,"₹36,990.00",https://www.amazon.in/Daikin-Inverter-Display-Technology-MTKL50U/dp/B0BK1KS6ZD/ref=zg_bs_g_3474656031_d_sccl_1/258-6407447-4066664?psc=1,2025-08-05 21:08:19,2025-08-05 21:08:19
2,"LG 1.5 Ton 5 Star DUAL Inverter Split AC (Copper, AI Convertible 6-in-1, VIRAAT Mode, Faster Cooling & Energy Saving, 4 Way S",4.0 out of 5 stars,"₹44,989.00",https://www.amazon.in/LG-Convertible-Anti-Virus-Protection-US-Q19YNZE/dp/B0DRG7M72Z/ref=zg_bs_g_3474656031_d_sccl_2/258-6407447-4066664?psc=1,2025-08-05 21:08:19,2025-08-05 21:08:19
3,"Carrier 1.5 Ton 3 Star Wi-Fi Smart Flexicool Inverter Split AC (Copper, Convertible 6-in-1 Cooling,Smart Energy Display, HD &",4.0 out of 5 stars,"₹35,988.00",https://www.amazon.in/Carrier-Flexicool-Inverter-Convertible-CAI18EE3R35W0/dp/B0DSWR3DJ3/ref=zg_bs_g_3474656031_d_sccl_3/258-6407447-4066664?psc=1,2025-08-05 21:08:19,2025-08-05 21:08:19
4,"LG 1 Ton 4 Star DUAL Inverter Split AC (Copper, AI Convertible 6-in-1 with VIRAAT Mode, Faster Cooling & Energy Saving, 4 Way",4.0 out of 5 stars,"₹34,990.00",https://www.amazon.in/LG-Convertible-AntiVirus-Protection-US-Q13JNYE/dp/B0DQQ55C8M/ref=zg_bs_g_3474656031_d_sccl_4/258-6407447-4066664?psc=1,2025-08-05 21:08:19,2025-08-05 21:08:19
5,"LG 1.5 Ton 3 Star DUAL Inverter Split AC (Copper, AI Convertible 6-in-1, VIRAAT Mode, Diet Mode+, Faster Cooling & Energy Sav",3.8 out of 5 stars,"₹35,990.00",https://www.amazon.in/LG-Convertible-Anti-Virus-Protection-US-Q18JNXE/dp/B0DQQ4XDBB/ref=zg_bs_g_3474656031_d_sccl_5/258-6407447-4066664?psc=1,2025-08-05 21:08:19,2025-08-05 21:08:19
6,"Lloyd 1.5 Ton 3 Star Inverter Split AC (5 in 1 Convertible, Copper, Anti-Viral + PM 2.5 Filter, White with Chrome Deco Strip,",4.0 out of 5 stars,"₹32,990.00",https://www.amazon.in/Lloyd-Inverter-Convertible-Anti-Viral-GLS18I3FWAGC/dp/B0CCY3HLCV/ref=zg_bs_g_3474656031_d_sccl_6/258-6407447-4066664?psc=1,2025-08-05 21:08:19,2025-08-05 21:08:19
7,"Panasonic 1.5 Ton 5 Star Premium Wi-Fi Inverter Smart Split AC (Matter Enabled, Higher Airflow, Copper Condenser, 7in1 Conver",4.0 out of 5 stars,"₹43,990.00",https://www.amazon.in/Panasonic-Condenser-Convertible-CS-CU-NU18AKY5WX/dp/B0DSVRY811/ref=zg_bs_g_3474656031_d_sccl_7/258-6407447-4066664?psc=1,2025-08-05 21:08:19,2025-08-05 21:08:19
8,"Daikin 0.8 Ton 3 Star, Fixed Speed Split AC (Copper, PM 2.5 Filter, 2022 Model, FTL28U, White)",4.0 out of 5 stars,"₹26,489.00",https://www.amazon.in/Daikin-Fixed-Copper-Filter-FTL28U/dp/B09R4SF5SP/ref=zg_bs_g_3474656031_d_sccl_8/258-6407447-4066664?psc=1,2025-08-05 21:08:19,2025-08-05 21:08:19
9,"Carrier 1.5 Ton 5 Star Wi-Fi Smart Flexicool Inverter Split AC (Copper, Convertible 6-in-1 Cooling,Smart Energy Display,HD &",4.1 out of 5 stars,"₹42,988.00",https://www.amazon.in/Carrier-Flexicool-Inverter-Convertible-CAI19EE5R35W0/dp/B0DSXJFF5H/ref=zg_bs_g_3474656031_d_sccl_9/258-6407447-4066664?psc=1,2025-08-05 21:08:19,2025-08-05 21:08:19
10,"Blue Star 1.5 Ton 5 Star Wi-Fi Smart Inverter Split AC (Copper, Convertible 5 in 1 Cooling, AI Pro, DigiQ Hepta Sensors, 4 Wa",3.8 out of 5 stars,"₹43,490.00",https://www.amazon.in/Blue-Star-Warranty-Convertible-IC518ZNURS/dp/B0DP5N2VTR/ref=zg_bs_g_3474656031_d_sccl_10/258-6407447-4066664?psc=1,2025-08-05 21:08:19,2025-08-05 21:08:19
11,"Godrej 1.5 Ton 3 Star, 5 Years Comprehensive Warranty, AI Powered, 5-In-1 Convertible Cooling, Inverter Split AC (Copper, 202",3.6 out of 5 stars,"₹31,990.00",https://www.amazon.in/Godrej-Comprehensive-AC1-5T-18P3T-WZT/dp/B0DR327PJK/ref=zg_bs_g_3474656031_d_sccl_11/258-6407447-4066664?psc=1,2025-08-05 21:08:19,2025-08-05 21:08:19
12,"Cruise 1.5 Ton 3 Star Inverter Split AC with 7-Stage Air Filtration (100% Copper, Convertible 4-in-1, PM 2.5 Filter, CWCVBK-V",4.1 out of 5 stars,"₹28,990.00",https://www.amazon.in/Cruise-Inverter-Filtration-Convertible-CWCVBK-VQ1W173/dp/B0CRF441PK/ref=zg_bs_g_3474656031_d_sccl_12/258-6407447-4066664?psc=1,2025-08-05 21:08:19,2025-08-05 21:08:19
13,"Hitachi 1.5 Ton Class 3 Star, 4-Way Swing, ice Clean, Xpandable+, Inverter Split AC (100% Copper, Dust Filter, 3400SXL RAS.D3",4.0 out of 5 stars,"₹35,990.00",https://www.amazon.in/Hitachi-Xpandable-Inverter-3400SXL-RAS-D318PCCIBS/dp/B0DQTBQV3C/ref=zg_bs_g_3474656031_d_sccl_13/258-6407447-4066664?psc=1,2025-08-05 21:08:19,2025-08-05 21:08:19
14,"Panasonic 1.5 Ton 3 Star Premium Wi-Fi Inverter Smart Split AC (Matter Enabled, Higher Airflow, Copper Condenser, 7in1 Conver",4.0 out of 5 stars,"₹35,990.00",https://www.amazon.in/Panasonic-Condenser-Convertible-CS-CU-SU18AKY3W/dp/B0DSVS6P6G/ref=zg_bs_g_3474656031_d_sccl_14/258-6407447-4066664?psc=1,2025-08-05 21:08:19,2025-08-05 21:08:19
15,"IFB 2025 Model Silver Plus Smart Series 1.5 Ton 5 Star In-built Wifi Split AC with HD Compressor, AI, Dual Gold Fin & 8-in-1",3.8 out of 5 stars,"₹38,990.00",https://www.amazon.in/IFB-Model-Silver-built-Compressor/dp/B0DTHYWTF3/ref=zg_bs_g_3474656031_d_sccl_15/258-6407447-4066664?psc=1,2025-08-05 21:08:19,2025-08-05 21:08:19
16,"Whirlpool 1.5 Ton 3 Star, Magicool Inverter Split AC (MAGICOOL 15T 3S INV CNV S5K2PP0, Copper, Convertible 4-in-1 Cooling Mod",3.3 out of 5 stars,"₹30,990.00",https://www.amazon.in/Whirlpool-Magicool-Inverter-MAGICOOL-Convertible/dp/B0DSJ9FQLD/ref=zg_bs_g_3474656031_d_sccl_16/258-6407447-4066664?psc=1,2025-08-05 21:08:19,2025-08-05 21:08:19
17,"Daikin 1.5 Ton 5 Star Inverter Split AC (Copper, PM 2.5 Filter, MTKM50U, White)",4.0 out of 5 stars,"₹45,989.00",https://www.amazon.in/Daikin-Inverter-Copper-Filter-MTKM50U/dp/B09R4RYCJ4/ref=zg_bs_g_3474656031_d_sccl_17/258-6407447-4066664?psc=1,2025-08-05 21:08:19,2025-08-05 21:08:19
18,"Haier 1.5 Ton 4 Star Triple Inverter Smart Split AC (5250 Watts, Copper, Wi-Fi, 4-Way Swing, 7 in 1 Convertible, Frost Self C",4.0 out of 5 stars,"₹37,990.00",https://www.amazon.in/Haier-Triple-Inverter-Copper-Convertible/dp/B0D3HLMK5B/ref=zg_bs_g_3474656031_d_sccl_18/258-6407447-4066664?psc=1,2025-08-05 21:08:19,2025-08-05 21:08:19
19,"Godrej 1 Ton 3 Star, 5 Years Comprehensive Warranty, AI Powered, 5-In-1 Convertible Cooling, Inverter Split AC (Copper, 2025",3.7 out of 5 stars,"₹28,490.00",https://www.amazon.in/Godrej-Comprehensive-AC1T-12PINV3R32-WYQ/dp/B0DR2YG4FF/ref=zg_bs_g_3474656031_d_sccl_19/258-6407447-4066664?psc=1,2025-08-05 21:08:19,2025-08-05 21:08:19
20,"Samsung 1.5 Ton 3 Star AI Inverter Smart Split AC (WiFi, Energy Saving, Voice Control, Powerful Cooling, Copper, Digital Inve",3.6 out of 5 stars,"₹35,990.00",https://www.amazon.in/Samsung-Inverter-Powerful-Convertible-AR50F18D1LHNNA/dp/B0DRY6T8B8/ref=zg_bs_g_3474656031_d_sccl_20/258-6407447-4066664?psc=1,2025-08-05 21:08:19,2025-08-05 21:08:19
21,"Voltas 1.5 ton 3 Star, Inverter Split AC (Copper, 4-in-1 Adjustable Mode, Anti-dust Filter,183V Vectra CAW, White)",3.9 out of 5 stars,"₹32,989.00",https://www.amazon.in/Voltas-Inverter-Copper-Adjustable-Anti-dust/dp/B0CWVDXYX1/ref=zg_bs_g_3474656031_d_sccl_21/258-6407447-4066664?psc=1,2025-08-05 21:08:19,2025-08-05 21:08:19
22,"SHARP 1.5 Ton 3 Star Inverter Split AC, 5 Years Comprehensive Warranty (Copper, 5in1 Convertible, Turbo Cool Technology, Anti",4.3 out of 5 stars,"₹34,990.00",https://www.amazon.in/SHARP-Comprehensive-Convertible-AntiCorrosive-AHSI18V3BGC/dp/B0DZHDBWLR/ref=zg_bs_g_3474656031_d_sccl_22/258-6407447-4066664?psc=1,2025-08-05 21:08:19,2025-08-05 21:08:19
23,"Voltas 1.5 ton 5 Star, Inverter Split AC (Copper, 4-in-1 Adjustable Mode, Anti-dust Filter, 185V Vectra CAR, White)",4.1 out of 5 stars,"₹39,990.00",https://www.amazon.in/Voltas-Inverter-Copper-Adjustable-Anti-dust/dp/B0CWVDN3HZ/ref=zg_bs_g_3474656031_d_sccl_23/258-6407447-4066664?psc=1,2025-08-05 21:08:19,2025-08-05 21:08:19
24,"Cruise 1 Ton 3 Star Inverter Split AC with 7-Stage Air Filtration (100% Copper, Convertible 4-in-1, PM 2.5 Filter, CWCVBL-VQ1",4.1 out of 5 stars,"₹25,990.00",https://www.amazon.in/Cruise-Inverter-Filtration-Convertible-CWCVBL-VQ1W123/dp/B0D17YKRXB/ref=zg_bs_g_3474656031_d_sccl_24/258-6407447-4066664?psc=1,2025-08-05 21:08:19,2025-08-05 21:08:19
25,"Carrier 2 Ton 5 Star Wi-Fi Smart Flexicool Inverter Split AC (Copper, Convertible 6-in-1 Cooling,Smart Energy Display,HD & PM",4.1 out of 5 stars,"₹55,979.00",https://www.amazon.in/Carrier-Flexicool-Inverter-Convertible-CAI24EE5R35W0/dp/B0DSWPMDYD/ref=zg_bs_g_3474656031_d_sccl_25/258-6407447-4066664?psc=1,2025-08-05 21:08:19,2025-08-05 21:08:19
26,"Lloyd 1.5 Ton 5 Star Inverter Split AC (5 in 1 Convertible, Anti Corrosion Coating, Copper, PM 2.5 Filter, White with Chrome",4.0 out of 5 stars,"₹39,990.00",https://www.amazon.in/Lloyd-Inverter-Convertible-Corrosion-GLS18I5KWGGW/dp/B0DZ6B4K8C/ref=zg_bs_g_3474656031_d_sccl_26/258-6407447-4066664?psc=1,2025-08-05 21:08:19,2025-08-05 21:08:19
27,"Blue Star 1.5 Ton 3 Star Inverter Split AC (Copper, Smart Ready, 5 in 1 Convertible, Turbo Cool, ID318YKU, 2023 Model, White)",3.7 out of 5 stars,"₹34,990.00",https://www.amazon.in/Blue-Star-Inverter-Convertible-ID318YKU/dp/B0BZNWZNSN/ref=zg_bs_g_3474656031_d_sccl_27/258-6407447-4066664?psc=1,2025-08-05 21:08:19,2025-08-05 21:08:19
28,"Carrier 1 Ton 3 Star Wi-Fi Smart Flexicool Inverter Split AC (Copper, Convertible 6-in-1 Cooling,Smart Energy Display,HD & PM",4.2 out of 5 stars,"₹31,900.00",https://www.amazon.in/Carrier-Flexicool-Inverter-Convertible-CAI12EE3R35W0/dp/B0DSWRQRNZ/ref=zg_bs_g_3474656031_d_sccl_28/258-6407447-4066664?psc=1,2025-08-05 21:08:19,2025-08-05 21:08:19
29,"Carrier 1 Ton 5 Star Wi-Fi Smart Flexicool Inverter Split AC (Copper, Convertible 6-in-1 Cooling,Smart Energy Display,HD & PM",4.2 out of 5 stars,"₹38,990.00",https://www.amazon.in/Carrier-Flexicool-Inverter-Convertible-CAI12EE5R35W0/dp/B0DSXQZ4L5/ref=zg_bs_g_3474656031_d_sccl_29/258-6407447-4066664?psc=1,2025-08-05 21:08:19,2025-08-05 21:08:19
30,"Haier 1 Ton 5 Star AI Climate Control Smart Split AC (3600W, Copper, Wi-Fi, Heavy Duty, 4 Way Swing, Frost Self Clean, HD Fil",4.1 out of 5 stars,"₹36,990.00",https://www.amazon.in/Haier-Climate-Control-Copper-Filter/dp/B0DW3YZCBL/ref=zg_bs_g_3474656031_d_sccl_30/258-6407447-4066664?psc=1,2025-08-05 21:08:19,2025-08-05 21:08:19
31,"Hitachi 1.5 Ton Class 5 Star, 4-Way Swing, ice Clean, Xpandable+, Inverter Split AC (100% Copper, Dust Filter,5400STXL RAS.G5",4.0 out of 5 stars,"₹44,389.00",https://www.amazon.in/Hitachi-Xpandable-Inverter-5400STXL-RAS-G518PCCIBT/dp/B0DQTDJ5MD/ref=zg_bs_g_3474656031_d_sccl_31/258-6407447-4066664?psc=1,2025-08-05 21:08:19,2025-08-05 21:08:19
32,"Panasonic 2.0 Ton 4 Star Premium Wi-Fi Inverter Smart Split AC (Matter Enabled, Higher Airflow, Copper Condenser, 7in1 Conver",4.1 out of 5 stars,"₹51,990.00",https://www.amazon.in/Panasonic-Condenser-Convertible-CS-CU-NU24AKY4W/dp/B0DSVT8913/ref=zg_bs_g_3474656031_d_sccl_32/258-6407447-4066664?psc=1,2025-08-05 21:08:19,2025-08-05 21:08:19
33,"Midea 1 Ton 3 Star AC, Smart Wi-Fi AI Inverter Split AC (100% Copper, Convertible 4-in-1, Cooling at 52℃, HD Filter with Auto",4.3 out of 5 stars,"₹28,990.00",https://www.amazon.in/Midea-Inverter-Convertible-Cleanser-MAI12SD3R35W0/dp/B0DTKMZN9K/ref=zg_bs_g_3474656031_d_sccl_33/258-6407447-4066664?psc=1,2025-08-05 21:08:19,2025-08-05 21:08:19
34,"Voltas 1 ton 3 Star Inverter Split AC (Copper, 4-in-1 Adjustable Mode, Anti-dust Filter, 123V CAE, White)",4.1 out of 5 stars,"₹29,990.00",https://www.amazon.in/Voltas-Adjustable-Anti-dust-123V-CAE/dp/B0D5BN2FDY/ref=zg_bs_g_3474656031_d_sccl_34/258-6407447-4066664?psc=1,2025-08-05 21:08:19,2025-08-05 21:08:19
35,"Lloyd 1.0 Ton 3 Star Inverter Split AC (5 in 1 Convertible, Copper, Anti-Viral + PM 2.5 Filter, White with Chrome Deco Strip,",4.1 out of 5 stars,"₹29,990.00",https://www.amazon.in/Lloyd-Inverter-Convertible-Anti-Viral-GLS12I3FWAEV/dp/B0BRKX6FD5/ref=zg_bs_g_3474656031_d_sccl_35/258-6407447-4066664?psc=1,2025-08-05 21:08:19,2025-08-05 21:08:19
36,"Haier 1.5 Ton 3 Star Twin Inverter Split AC (Copper, 7 in 1 Convertible, Frost Self Clean, HD Filter, Cools at 54°C, Long Air",3.8 out of 5 stars,"₹33,990.00",https://www.amazon.in/Haier-Inverter-Copper-Convertible-Filter/dp/B0DRYTZ1F9/ref=zg_bs_g_3474656031_d_sccl_36/258-6407447-4066664?psc=1,2025-08-05 21:08:19,2025-08-05 21:08:19
37,"Panasonic 1.0 Ton 5 Star Premium Wi-Fi Inverter Smart Split AC (Matter Enabled, Higher Airflow, Copper Condenser, 7in1 Conver",4.0 out of 5 stars,"₹37,990.00",https://www.amazon.in/Panasonic-Condenser-Convertible-CS-CU-NU12AKY5W/dp/B0DSVRBC7Z/ref=zg_bs_g_3474656031_d_sccl_37/258-6407447-4066664?psc=1,2025-08-05 21:08:19,2025-08-05 21:08:19
38,"Daikin 1 Ton 3 Star Inverter Split AC (Copper, PM 2.5 Filter, 2024 Model, MTKL35UV16, White)",3.8 out of 5 stars,"₹33,489.00",https://www.amazon.in/Daikin-Inverter-Copper-Filter-MTKL35UV16/dp/B0BK28T4BZ/ref=zg_bs_g_3474656031_d_sccl_38/258-6407447-4066664?psc=1,2025-08-05 21:08:19,2025-08-05 21:08:19
39,"Lloyd 1.5 Ton 3 Star Fixed Speed Window Ac (Copper, 2023 Model, White With Silver Deco Strip, GlW18C3YWSEW)",3.9 out of 5 stars,"₹27,990.00",https://www.amazon.in/Lloyd-Window-Copper-Silver-GLW18C3YWSEW/dp/B0BRKXY81Z/ref=zg_bs_g_3474656031_d_sccl_39/258-6407447-4066664?psc=1,2025-08-05 21:08:19,2025-08-05 21:08:19
40,"Hitachi 2 Ton Class 3 Star, 4-Way Swing, ice Clean, Xpandable+, Inverter Split AC (100% Copper, Dust Filter, 3400SXL RAS.D322",3.9 out of 5 stars,"₹46,229.00",https://www.amazon.in/Hitachi-Xpandable-Inverter-3400SXL-RAS-D322PCBIBS/dp/B0DS5HPN9D/ref=zg_bs_g_3474656031_d_sccl_40/258-6407447-4066664?psc=1,2025-08-05 21:08:19,2025-08-05 21:08:19
41,"Godrej 2 Ton 3 Star, 5 Years Comprehensive Warranty, AI Powered, 5-In-1 Convertible Cooling, Self Clean Inverter Split AC (Co",3.8 out of 5 stars,"₹41,790.00",https://www.amazon.in/Godrej-Comprehensive-2-0T-24I3T-WZS/dp/B0DT6R1WSS/ref=zg_bs_g_3474656031_d_sccl_41/258-6407447-4066664?psc=1,2025-08-05 21:08:19,2025-08-05 21:08:19
42,"Haier 1.5 Ton 5 Star Triple Inverter Split AC (4850 W, Copper, 7 in 1 Convertible, 4-Way Swing, Frost Self Clean, HD Filter,",3.6 out of 5 stars,"₹40,999.00",https://www.amazon.in/Haier-Inverter-Convertible-Cooling-Bacterial/dp/B0CXV55SLJ/ref=zg_bs_g_3474656031_d_sccl_42/258-6407447-4066664?psc=1,2025-08-05 21:08:19,2025-08-05 21:08:19
43,"Panasonic 1.5 Ton 3 Star Inverter Split AC (Powerful Mode, Copper Condenser, 7in1 Convertible, 2-Way, PM 0.1 Filter, CS/CU-SU",4.0 out of 5 stars,"₹34,990.00",https://www.amazon.in/Panasonic-Condenser-Convertible-CS-CU-SU18AKY3T/dp/B0DSVT7YSQ/ref=zg_bs_g_3474656031_d_sccl_43/258-6407447-4066664?psc=1,2025-08-05 21:08:19,2025-08-05 21:08:19
44,"Haier 1 Ton 4 Star AI Climate Control Smart Split AC (3470W, Triple Inverter, Copper, Wi-Fi, 4-Way Swing, 7 in 1 Convertible,",4.0 out of 5 stars,"₹33,990.00",https://www.amazon.in/Haier-Climate-Control-Inverter-Convertible/dp/B0DW3RRZK4/ref=zg_bs_g_3474656031_d_sccl_44/258-6407447-4066664?psc=1,2025-08-05 21:08:19,2025-08-05 21:08:19
45,"Samsung 1 Ton 3 Star Digital Inverter Split AC (Faster & Powerful Cooling even at 58 Degree C, 100% Copper, 5 year comprehens",3.7 out of 5 stars,"₹31,490.00",https://www.amazon.in/Samsung-Inverter-comprehensive-Convertible-AR50F12D0LHNNA/dp/B0DRY7S43S/ref=zg_bs_g_3474656031_d_sccl_45/258-6407447-4066664?psc=1,2025-08-05 21:08:19,2025-08-05 21:08:19
46,"Cruise 1.5 Ton 5 Star Inverter Split AC with PM2.5 Air Purification (100% Copper, Convertible 4-in-1, Fast Cooling & Energy S",4.0 out of 5 stars,"₹33,990.00",https://www.amazon.in/Cruise-Filtration-Convertible-Technology-CWCVBK-VQ3D185/dp/B0CRF4PXJB/ref=zg_bs_g_3474656031_d_sccl_46/258-6407447-4066664?psc=1,2025-08-05 21:08:19,2025-08-05 21:08:19
47,"Blue Star 1 Ton 5 Star Wi-Fi Smart Inverter Split AC (Copper,Convertible 5 in 1 Cooling, AI Pro, Voice Command, DigiQ Hepta S",3.8 out of 5 stars,"₹36,790.00",https://www.amazon.in/Blue-Star-Warranty-Convertible-ID512ZNURS/dp/B0DP5LFBCK/ref=zg_bs_g_3474656031_d_sccl_47/258-6407447-4066664?psc=1,2025-08-05 21:08:19,2025-08-05 21:08:19
48,"Voltas 1.4 Ton 3 Star, Inverter Split AC (Copper, 4-in-1 Adjustable Mode, Anti-dust Filter, 173V CAE, White)",3.9 out of 5 stars,"₹31,490.00",https://www.amazon.in/Voltas-Adjustable-Anti-dust-173V-CAE/dp/B0D5BN76MK/ref=zg_bs_g_3474656031_d_sccl_48/258-6407447-4066664?psc=1,2025-08-05 21:08:19,2025-08-05 21:08:19
49,"Haier Black Edition 1.5 Ton 5 Star AI Climate Control Smart Split AC (5460 Watts, Copper, HEXA Inverter, Heavy Duty, 4-Way Sw",4.1 out of 5 stars,"₹47,990.00",https://www.amazon.in/Haier-Climate-Control-Inverter-60%C2%B0C-HSU19K-PZAIB5BN-INV/dp/B0DYV69WQX/ref=zg_bs_g_3474656031_d_sccl_49/258-6407447-4066664?psc=1,2025-08-05 21:08:19,2025-08-05 21:08:19
50,"Godrej 1 Ton 5 Star, 5 Years Comprehensive Warranty, AI Powered, 5-in-1 Convertible Cooling, Self Clean, Inverter Split AC (C",3.8 out of 5 stars,"₹32,490.00",https://www.amazon.in/Godrej-Convertible-AC-Heavy-Duty-12IINV5R32-WWR/dp/B0CRHS657M/ref=zg_bs_g_3474656031_d_sccl_50/258-6407447-4066664?psc=1,2025-08-05 21:08:19,2025-08-05 21:08:19
51,"Godrej 1.5 Ton 5 Star, 5 Years Comprehensive Warranty, AI powered, 5-In-1 Convertible Cooling Inverter Split AC (Copper, 2025",3.7 out of 5 stars,"₹37,899.00",https://www.amazon.in/Godrej-Split-1-5T-18II5T-WZS/dp/B0DSVRQJHY/ref=zg_bs_g_3474656031_d_sccl_1/258-6407447-4066664?psc=1,2025-08-05 21:08:25,2025-08-05 21:08:25
52,"Godrej 1.5 Ton 3 Star, 5 Years Comprehensive Warranty, AI powered, 5-In-1 Convertible Cooling, 4 Way Air Swing, Wood Finish,",3.7 out of 5 stars,"₹33,290.00",https://www.amazon.in/Godrej-1-5T-SIC-18VTC3-WYB/dp/B0CYL8CWKX/ref=zg_bs_g_3474656031_d_sccl_2/258-6407447-4066664?psc=1,2025-08-05 21:08:25,2025-08-05 21:08:25
53,"Lloyd 1 Ton 5 Star Inverter Split AC (5 in 1 Convertible, 100% Copper, Anti-Viral + PM 2.5 Filter, White with Graphic Design,",4.1 out of 5 stars,"₹34,990.00",https://www.amazon.in/Lloyd-Inverter-Convertible-Anti-Viral-GLS12I5FWBEV/dp/B0BRKXFVVJ/ref=zg_bs_g_3474656031_d_sccl_3/258-6407447-4066664?psc=1,2025-08-05 21:08:25,2025-08-05 21:08:25
54,"LG 1.5 Ton 5 Star DUAL Inverter Window AC (Copper, Convertible 4-in-1 cooling, 4 Way Air Swing, HD Filter, UW-Q18WUZA, White)",4.1 out of 5 stars,"₹41,790.00",https://www.amazon.in/LG-Inverter-Convertible-cooling-UW-Q18WUZA/dp/B0DS29YQLS/ref=zg_bs_g_3474656031_d_sccl_4/258-6407447-4066664?psc=1,2025-08-05 21:08:25,2025-08-05 21:08:25
55,"Blue Star 1 Ton 3 Star Inverter Split AC (Copper, Convertible 5 in 1 Cooling, Multi Sensors,Blue Fins, Self Diagnosis, IE312Y",4.0 out of 5 stars,"₹31,490.00",https://www.amazon.in/Blue-Star-Convertible-Diagnosis-IE312YNU/dp/B0DBLK94GW/ref=zg_bs_g_3474656031_d_sccl_5/258-6407447-4066664?psc=1,2025-08-05 21:08:25,2025-08-05 21:08:25
56,"Carrier 1.5 Ton 5 Star Inverter Window AC(Copper,High Density Filter for Dust Filtration, 2Way Air Directional Control, ESTRA",4.0 out of 5 stars,"₹35,489.00",https://www.amazon.in/Carrier-Inverter-Filtration-Directional-CIW19SC5R35F0/dp/B0DSXJDTWD/ref=zg_bs_g_3474656031_d_sccl_6/258-6407447-4066664?psc=1,2025-08-05 21:08:25,2025-08-05 21:08:25
57,"Voltas 1.5 Ton 3 Star, Turbo Mode Window AC (Copper Condenser, Anti-Rust Coating, Anti-Freeze Thermostat, WAC 183 Vectra pear",4.0 out of 5 stars,"₹28,990.00",https://www.amazon.in/Voltas-Window-183-Vectra-Pearl/dp/B0BSJ7KZLJ/ref=zg_bs_g_3474656031_d_sccl_7/258-6407447-4066664?psc=1,2025-08-05 21:08:25,2025-08-05 21:08:25
58,"Hitachi 1 Ton Class 3 Star, 4-Way Swing, ice Clean, Xpandable+, Inverter Split AC (100% Copper, Dust Filter, 3400SXL RAS.D312",4.0 out of 5 stars,"₹32,489.00",https://www.amazon.in/Hitachi-Xpandable-Inverter-3400SXL-RAS-D312PCBIBS/dp/B0DQTVHP1G/ref=zg_bs_g_3474656031_d_sccl_8/258-6407447-4066664?psc=1,2025-08-05 21:08:25,2025-08-05 21:08:25
59,"Hitachi 2 Ton Class 5 Star, 4-Way Swing, ice Clean, Xpandable+, Inverter Split AC (100% Copper, Dust Filter, 5500STXL RAS.V52",4.0 out of 5 stars,"₹54,989.00",https://www.amazon.in/Hitachi-Xpandable-Inverter-5500STXL-RAS-V522PCBISH1/dp/B0DS5LF6H2/ref=zg_bs_g_3474656031_d_sccl_9/258-6407447-4066664?psc=1,2025-08-05 21:08:25,2025-08-05 21:08:25
60,"Midea 1.5 Ton 3 Star, AI Smart Wi-Fi Inverter Split AC (100% Copper, Convertible 4-in-1 Cooling at 52℃, HD PM2.5 Filter, SANT",4.0 out of 5 stars,"₹31,980.00",https://www.amazon.in/Midea-Inverter-Convertible-Cooling-MAI18SD3R35W0/dp/B0DTKP2TMX/ref=zg_bs_g_3474656031_d_sccl_10/258-6407447-4066664?psc=1,2025-08-05 21:08:25,2025-08-05 21:08:25
61,"IFB 2025 Model Gold Pro Series 2 Ton 3 Star Split AC with Hybrid Technology, Works upto 55°C, 4-Way Swing, Higher Cooling Cap",3.8 out of 5 stars,"₹45,990.00",https://www.amazon.in/IFB-Technology-Cooling-Capacity-Self-Clean/dp/B0DTHZCVCY/ref=zg_bs_g_3474656031_d_sccl_11/258-6407447-4066664?psc=1,2025-08-05 21:08:25,2025-08-05 21:08:25
62,"Voltas 1 Ton 3 star Fixed Speed Window AC (Copper, Sleep Mode, Memory Restart, Anti Dust Filter, WAC 123 Vectra Platina, Whit",4.0 out of 5 stars,"₹25,490.00",https://www.amazon.in/Voltas-Vectra-Platina-Fixed-Window/dp/B0BQYB5YVF/ref=zg_bs_g_3474656031_d_sccl_12/258-6407447-4066664?psc=1,2025-08-05 21:08:25,2025-08-05 21:08:25
63,"Midea 1.5 Ton 5 Star AC, 6-in-1 Convertible AI Wi-Fi Smart Inverter Split AC (100% Copper, Cooling at 54℃, KW Display, Top PM",4.0 out of 5 stars,"₹38,390.00",https://www.amazon.in/Midea-Convertible-Inverter-Cooling-MAI20SP5R35W0/dp/B0DTJGZLX2/ref=zg_bs_g_3474656031_d_sccl_13/258-6407447-4066664?psc=1,2025-08-05 21:08:25,2025-08-05 21:08:25
64,7SEVEN® O General AC Remote Control AR-RAJ1E Model 107A Suitable for Spilt and Window 1 1.5 2 Ton Air Conditioner - Match Key,3.9 out of 5 stars,₹435.00,https://www.amazon.in/7SEVEN-General-Remote-AR-RAJ1E-Compatible/dp/B08VRN3T8T/ref=zg_bs_g_3474656031_d_sccl_14/258-6407447-4066664?psc=1,2025-08-05 21:08:25,2025-08-05 21:08:25
65,"1 Years Warranty Ac Remote Replacement for Hitachi Ac Remote 1.5 ton, 1 ton, 2 ton (AC-59) Suitable for Hitachi Split and Win",4.0 out of 5 stars,₹399.00,https://www.amazon.in/Warranty-Replacement-AC-59-Suitable-Backlight/dp/B07QLYFS6T/ref=zg_bs_g_3474656031_d_sccl_15/258-6407447-4066664?psc=1,2025-08-05 21:08:25,2025-08-05 21:08:25
66,"Godrej 1.5 Ton 3 Star, Turbo Mode, Pure Air Filter, Anti-Freeze Thermostat Smart Diagnosis, Window AC (Copper, AC 1.5T WFC 18",3.8 out of 5 stars,"₹27,441.00",https://www.amazon.in/Godrej-Window-1-5T-WFC-18UTC3-WWB/dp/B0D2TSY8WM/ref=zg_bs_g_3474656031_d_sccl_16/258-6407447-4066664?psc=1,2025-08-05 21:08:25,2025-08-05 21:08:25
67,"Samsung 1.5 Ton 3 Star Windfree AI Inverter Smart Split AC (WiFi, Energy Saving, Voice Control, Powerful Cooling, Copper, Dig",3.9 out of 5 stars,"₹40,489.00",https://www.amazon.in/Samsung-Windfree-Inverter-Convertible-AR60F19D1XWNNA/dp/B0DRY8GDF6/ref=zg_bs_g_3474656031_d_sccl_17/258-6407447-4066664?psc=1,2025-08-05 21:08:25,2025-08-05 21:08:25
68,"Voltas 2 Ton, 3 Star, Inverter Split AC (Copper, 4-in-1 Adjustable Mode, Anti-dust Filter, 243V Vectra Elite, White)",4.0 out of 5 stars,"₹43,490.00",https://www.amazon.in/Voltas-Adjustable-Inverter-Copper-VECTRA/dp/B0BBFTT3YL/ref=zg_bs_g_3474656031_d_sccl_18/258-6407447-4066664?psc=1,2025-08-05 21:08:25,2025-08-05 21:08:25
69,"Haier 1 Ton 3 Star Twin Inverter Split AC (Copper, 7 in 1 Convertible, Frost Self Clean, HD Filter, Cools at 54°C, Long Air T",3.7 out of 5 stars,"₹30,990.00",https://www.amazon.in/Haier-Inverter-Convertible-temperature-Bacterial/dp/B0CSK23FH5/ref=zg_bs_g_3474656031_d_sccl_19/258-6407447-4066664?psc=1,2025-08-05 21:08:25,2025-08-05 21:08:25
70,"Godrej 2.5 Ton 3 Star, 5 Years Comprehensive Warranty, AI powered, 5-In-1 Convertible Cooling, 4 Way Air Swing Inverter Split",3.7 out of 5 stars,"₹49,790.00",https://www.amazon.in/Godrej-Convertible-AC-2-5T-30LINV3R32-WWR/dp/B0CWKX99G4/ref=zg_bs_g_3474656031_d_sccl_20/258-6407447-4066664?psc=1,2025-08-05 21:08:25,2025-08-05 21:08:25
71,"Voltas 1 ton 5 Star, Inverter Split AC (Copper, 4-in-1 Adjustable Mode, Anti-dust Filter, 125V Vectra CAW, White)",4.0 out of 5 stars,"₹35,988.00",https://www.amazon.in/Voltas-Inverter-Copper-Adjustable-Anti-dust/dp/B0CWVCND7N/ref=zg_bs_g_3474656031_d_sccl_21/258-6407447-4066664?psc=1,2025-08-05 21:08:25,2025-08-05 21:08:25
72,"Panasonic 1.0 Ton 3 Star Premium Wi-Fi Inverter Smart Split AC (Matter Enabled, Higher Airflow, Copper Condenser, 7in1 Conver",3.8 out of 5 stars,"₹31,990.00",https://www.amazon.in/Panasonic-Condenser-Convertible-CS-CU-SU12AKY3W/dp/B0DSVSXK7W/ref=zg_bs_g_3474656031_d_sccl_22/258-6407447-4066664?psc=1,2025-08-05 21:08:25,2025-08-05 21:08:25
73,"Blue Star 2 Ton 3 Star Inverter Split AC (Copper, Convertible 5 in 1 Cooling, Auto Defrost, Dust Filters, Blue Fins, IE324YNU",3.9 out of 5 stars,"₹46,990.00",https://www.amazon.in/Blue-Star-Warranty-Convertible-IE324YNU/dp/B0DF7KYWYP/ref=zg_bs_g_3474656031_d_sccl_23/258-6407447-4066664?psc=1,2025-08-05 21:08:25,2025-08-05 21:08:25
74,"Voltas 1.5 Ton 5 Star, 2-in-1 Adjustable Mode Window AC (Copper Condenser, Inverter Compressor, Anti-Freeze Thermostat, WAC 1",3.8 out of 5 stars,"₹34,290.00",https://www.amazon.in/Voltas-Adjustable-Inverter-Window-Copper/dp/B0BBFX3S2L/ref=zg_bs_g_3474656031_d_sccl_24/258-6407447-4066664?psc=1,2025-08-05 21:08:25,2025-08-05 21:08:25
75,"Hitachi 1 Ton Class 5 Star, 4-Way Swing, ice Clean, Xpandable+, Inverter Split AC (100% Copper, Dust Filter - 5400STXL RAS.G5",4.2 out of 5 stars,"₹45,999.00",https://www.amazon.in/Hitachi-Xpandable-Inverter-Copper-Filter/dp/B0DQT7KHCH/ref=zg_bs_g_3474656031_d_sccl_25/258-6407447-4066664?psc=1,2025-08-05 21:08:25,2025-08-05 21:08:25
76,"Lloyd 0.8 Ton 3 Star Inverter Split AC (5 in 1 Convertible, 100% Copper, Anti-Viral + PM 2.5 Filter, White with Silver Deco S",4.0 out of 5 stars,"₹27,490.00",https://www.amazon.in/Inverter-Convertible-Copper-Anti-Viral-GLS09I3FOSEV/dp/B0CJ9DMPF6/ref=zg_bs_g_3474656031_d_sccl_26/258-6407447-4066664?psc=1,2025-08-05 21:08:25,2025-08-05 21:08:25
77,"LG 2 Ton 3 Star DUAL Inverter Split AC (Copper, AI Convertible 6-in-1, Diet Mode+, Faster Cooling & Energy Saving, 4 Way Swin",3.9 out of 5 stars,"₹53,990.00",https://www.amazon.in/LG-Convertible-Anti-Virus-Protection-US-Q24ENXE/dp/B0DRG85QHB/ref=zg_bs_g_3474656031_d_sccl_27/258-6407447-4066664?psc=1,2025-08-05 21:08:25,2025-08-05 21:08:25
78,"Hitachi 1.5 Ton Class 3 Star, Window Inverter AC (100% Copper, 100% cooling at 43 degree Celsius, RAW318HHEO, White)",4.1 out of 5 stars,"₹33,340.00",https://www.amazon.in/Hitachi-Inverter-cooling-Celsius-RAW318HHEO/dp/B0DQVCQ7P5/ref=zg_bs_g_3474656031_d_sccl_28/258-6407447-4066664?psc=1,2025-08-05 21:08:25,2025-08-05 21:08:25
79,Woniry Air Conditioner Remote Control Compatible for LG AKB73975614 Split AC Remote (36 I),3.8 out of 5 stars,₹399.00,https://www.amazon.in/Woniry-Conditioner-Control-Compatible-AKB73975614/dp/B0CZHYN4FD/ref=zg_bs_g_3474656031_d_sccl_29/258-6407447-4066664?psc=1,2025-08-05 21:08:25,2025-08-05 21:08:25
80,"Blue Star 1.5 Ton 5 Star Inverter Window AC (Copper, Turbo Cool, Fan Modes-Auto/High/Medium/Low, Hydrophilic Blue Fins, Dust",3.7 out of 5 stars,"₹34,940.00",https://www.amazon.in/Blue-Star-Hydrophilic-Self-Diagnosis-WIE518L/dp/B0F1TZ96PQ/ref=zg_bs_g_3474656031_d_sccl_30/258-6407447-4066664?psc=1,2025-08-05 21:08:25,2025-08-05 21:08:25
81,"Hitachi 1.5 Ton 3 Star, Hot & Cold Inverter Split AC with Expandable Technology (100% Copper, Dust Filter, 3100HP RSQG318HGXA",4.1 out of 5 stars,"₹41,989.00",https://www.amazon.in/Hitachi-Shizen-Expandable-Inverter-RSQG318HGXA/dp/B0CDHBG4TT/ref=zg_bs_g_3474656031_d_sccl_81/258-6407447-4066664?psc=1,2025-08-05 21:08:25,2025-08-05 21:08:25
82,"Panasonic 1.5 Ton 3 Star Hot & Cold Inverter Split AC (Higher Airflow, -7~55 Deg. C Operation, Copper Condenser, 7in1 Convert",3.9 out of 5 stars,"₹40,990.00",https://www.amazon.in/Panasonic-Operation-Convertible-CS-CU-EZ18BKYF/dp/B0DTTS4ZTV/ref=zg_bs_g_3474656031_d_sccl_82/258-6407447-4066664?psc=1,2025-08-05 21:08:25,2025-08-05 21:08:25
83,"Whirlpool 1.5 Ton 5 Star, Magicool Inverter Split AC (MAGICOOL 15T 5S INV CNV S5K2PP1, Copper, Convertible 4-in-1 Cooling Mod",N/A,"₹36,490.00",https://www.amazon.in/Whirlpool-Magicool-Inverter-MAGICOOL-Convertible/dp/B0F2TG23JJ/ref=zg_bs_g_3474656031_d_sccl_83/258-6407447-4066664?psc=1,2025-08-05 21:08:25,2025-08-05 21:08:25
84,"Daikin 1 Ton 5 Star Inverter Split AC (Copper, PM 2.5 Filter, 2022 Model, MTKM35U, White)",3.9 out of 5 stars,"₹38,989.00",https://www.amazon.in/Daikin-Inverter-Copper-Filter-MTKM35U/dp/B09R4RXLT4/ref=zg_bs_g_3474656031_d_sccl_84/258-6407447-4066664?psc=1,2025-08-05 21:08:25,2025-08-05 21:08:25
85,"Voltas 1.5 Ton 3 Star, Inverter Window AC (Copper, 2-in-1 Adjustable Mode, 2023 Model,183V Vertis Pearl, White)",3.9 out of 5 stars,"₹29,990.00",https://www.amazon.in/Voltas-Adjustable-Inverter-Window-Copper/dp/B0BBFX98H9/ref=zg_bs_g_3474656031_d_sccl_85/258-6407447-4066664?psc=1,2025-08-05 21:08:25,2025-08-05 21:08:25
86,"acer 1.5 Ton 3 Star Split AC (5-In-1 Convertible Cooling Modes, Ai Sense Technology, Arctic Wrap Cooling, PM 1.0 Microbacteri",4.0 out of 5 stars,"₹31,499.00",https://www.amazon.in/acer-Convertible-Microbacterial-Temperature-C-AR15AS3IO2HLE25/dp/B0DQYDR25C/ref=zg_bs_g_3474656031_d_sccl_86/258-6407447-4066664?psc=1,2025-08-05 21:08:25,2025-08-05 21:08:25
87,"Acer 1 Ton 3 Star Split AC (5-In-1 Convertible Cooling Modes, AiSense Technology, ArcticWrap Cooling, PM 1.0 Microbacterial F",4.3 out of 5 stars,"₹27,999.00",https://www.amazon.in/Convertible-Technology-Microbacterial-Temperature-AR10AS3IS1HLE25/dp/B0DQY8ZT6Z/ref=zg_bs_g_3474656031_d_sccl_87/258-6407447-4066664?psc=1,2025-08-05 21:08:25,2025-08-05 21:08:25
88,"Panasonic 1.5 Ton 3 Star Hot & Cold Wi-Fi Inverter Smart Split AC(-7~55 Deg. C Operation, Copper Condenser, 7in1 Convertible,",4.3 out of 5 stars,"₹42,900.00",https://www.amazon.in/Panasonic-Operation-Convertible-CS-CU-EZ18BKYXFM/dp/B0DTTWP3WK/ref=zg_bs_g_3474656031_d_sccl_88/258-6407447-4066664?psc=1,2025-08-05 21:08:25,2025-08-05 21:08:25
89,"Samsung 2 Ton 3 Star AI Inverter Smart Split AC (BESPOKE AI, Energy Saving, Wi-Fi, Voice Control, Powerful Cooling, 100% Copp",4.0 out of 5 stars,"₹52,490.00",https://www.amazon.in/Samsung-Inverter-Powerful-Convertible-AR50F24D1XHNNA/dp/B0DV8Z1DSW/ref=zg_bs_g_3474656031_d_sccl_89/258-6407447-4066664?psc=1,2025-08-05 21:08:25,2025-08-05 21:08:25
90,"Cruise 1 Ton Portable AC with Anti-Bacterial Filter (100% Copper, 4-in-1: AC, Dehumidifier, Air Purifier & Fan, 4 Castor Whee",2.9 out of 5 stars,"₹32,990.00",https://www.amazon.in/Cruise-Portable-Control-CPCATF-PQ3S12-Exhaust/dp/B08954XBS7/ref=zg_bs_g_3474656031_d_sccl_90/258-6407447-4066664?psc=1,2025-08-05 21:08:25,2025-08-05 21:08:25
91,"Carrier 1 Ton 3 Star AI Flexicool Inverter Split AC (Copper, Convertible 6-in-1 Cooling,Dual Filtration with HD & PM 2.5 Filt",4.0 out of 5 stars,"₹32,680.00",https://www.amazon.in/Carrier-Flexicool-Convertible-Filtration-CAI12ER3R34F0/dp/B0CSG4K9QG/ref=zg_bs_g_3474656031_d_sccl_91/258-6407447-4066664?psc=1,2025-08-05 21:08:25,2025-08-05 21:08:25
92,"Lloyd 2.0 Ton 5 Star Inverter Split AC (5 in 1 Convertible, Copper, Anti-Viral + PM 2.5 Filter, 2023 Model, White with Golden",4.0 out of 5 stars,"₹51,899.00",https://www.amazon.in/Lloyd-Inverter-Convertible-Anti-Viral-GLS24I5FWGEV/dp/B0BRKWQSGL/ref=zg_bs_g_3474656031_d_sccl_92/258-6407447-4066664?psc=1,2025-08-05 21:08:25,2025-08-05 21:08:25
93,"Cruise 2 Ton 3 Star Inverter Split AC with 7-Stage Air Filtration (100% Copper, Convertible 4-in-1, PM 2.5 Filter, Anti-Rust",4.0 out of 5 stars,"₹38,990.00",https://www.amazon.in/Cruise-Filtration-Convertible-Technology-CWCVBM-VQ1W243/dp/B0F6YKWYH9/ref=zg_bs_g_3474656031_d_sccl_93/258-6407447-4066664?psc=1,2025-08-05 21:08:25,2025-08-05 21:08:25
94,"Blue Star 2 Ton 5 Star Inverter Split AC (Copper, Convertible 5 in 1 Cooling, Multi Sensors, Dust Filter Blue Fins, Self Diag",3.6 out of 5 stars,"₹54,200.00",https://www.amazon.in/Blue-Star-Convertible-Diagnosis-IC524DNUR/dp/B0CW9SSFL5/ref=zg_bs_g_3474656031_d_sccl_94/258-6407447-4066664?psc=1,2025-08-05 21:08:25,2025-08-05 21:08:25
95,"Lloyd Stellar Lite 1.5 Ton 5 Star Wi-Fi Inverter Split AC (6 in 1 Convertible, Mood Lighting, Door Open Alert, Copper, Smart",4.1 out of 5 stars,"₹46,990.00",https://www.amazon.in/Lloyd-Inverter-Convertible-Lighting-GLS18V5FWSSL/dp/B0CY8ZKLB4/ref=zg_bs_g_3474656031_d_sccl_95/258-6407447-4066664?psc=1,2025-08-05 21:08:25,2025-08-05 21:08:25
96,"Acerpure Chill Inverter Split Air Conditioner 1.5 ton 5 star, 4 in 1 convertible design with Anti-virus Filter, Blue Fin Tech",5.0 out of 5 stars,"₹31,499.00",https://www.amazon.in/Acerpure-Conditioner-convertible-Anti-virus-Technology/dp/B0F6V8QCCP/ref=zg_bs_g_3474656031_d_sccl_96/258-6407447-4066664?psc=1,2025-08-05 21:08:25,2025-08-05 21:08:25
97,"Voltas 1.5 Ton 5 Star Inverter Split AC (Copper, 4-in-1 Adjustable Mode, Anti-dust Filter, 185V Vectra Elite, White)",3.8 out of 5 stars,"₹40,125.00",https://www.amazon.in/Voltas-Adjustable-Inverter-Copper-VECTRA/dp/B0BBFSZNCT/ref=zg_bs_g_3474656031_d_sccl_97/258-6407447-4066664?psc=1,2025-08-05 21:08:25,2025-08-05 21:08:25
98,"Carrier 1Ton 3 Star Window Fixed Speed AC(Copper, Dust Filter & Turbo Mode, 2024 Model, Estrella Ex,CAW12EC3R34F0,White)",4.4 out of 5 stars,"₹27,950.00",https://www.amazon.in/Carrier-Window-Copper-Estrella-CAW12EC3R34F0/dp/B0D63HWW96/ref=zg_bs_g_3474656031_d_sccl_98/258-6407447-4066664?psc=1,2025-08-05 21:08:25,2025-08-05 21:08:25
99,"LG 1.5 Ton 3 Star DUAL Inverter Split AC (Copper, AI Convertible 6-in-1 Cooling, 2 Way Swing, HD Filter with Anti-Virus Prote",3.8 out of 5 stars,"₹42,666.00",https://www.amazon.in/LG-Convertible-Anti-Virus-Protection-TS-Q18JNXE3/dp/B0CSDKZTP7/ref=zg_bs_g_3474656031_d_sccl_99/258-6407447-4066664?psc=1,2025-08-05 21:08:25,2025-08-05 21:08:25
100,"SUMLGT Portable Air Conditioner - Small Personal Cooler Quiet Ac Mini Computer Cooling Fan Usb Powered 1/2/3H Timer, 3 Speed",2.1 out of 5 stars,₹735.00,https://www.amazon.in/SUMLGT-Portable-Air-Conditioner-Personal/dp/B0CSDKH59L/ref=zg_bs_g_3474656031_d_sccl_100/258-6407447-4066664?psc=1,2025-08-05 21:08:25,2025-08-05 21:08:25
