Rank,TV Name,Rating,Price,Product Link,Start Time,End Time
1,Samsung 80 cm (32 inches) HD Smart LED TV UA32H4550FUXXL,4.0 out of 5 stars,"₹11,990.00",https://www.amazon.in/Samsung-inches-Smart-LED-UA32H4550FUXXL/dp/B0F84FBWQM/ref=zg_bs_g_1389396031_d_sccl_1/258-5014627-7280254?psc=1,2025-08-05 21:07:52,2025-08-05 21:07:52
2,Redmi Xiaomi 80 cm (32 inches) F Series HD Ready Smart LED Fire TV L32MA-FVIN (Black),4.1 out of 5 stars,"₹10,499.00",https://www.amazon.in/Redmi-inches-Ready-Smart-L32MA-FVIN/dp/B0D4LJ9WVW/ref=zg_bs_g_1389396031_d_sccl_2/258-5014627-7280254?psc=1,2025-08-05 21:07:52,2025-08-05 21:07:52
3,Redmi Xiaomi 108 cm (43 inch) F Series Ultra HD 4K LED Smart Fire TV L43MA-FVIN,4.1 out of 5 stars,"₹20,499.00",https://www.amazon.in/Redmi-Xiaomi-Ultra-Smart-L43MA-FVIN/dp/B0DV8WXDNX/ref=zg_bs_g_1389396031_d_sccl_3/258-5014627-7280254?psc=1,2025-08-05 21:07:52,2025-08-05 21:07:52
4,LG 80 cms (32 inches) LR570 Series Smart webOS LED TV 32LR570B6LA,4.2 out of 5 stars,"₹13,490.00",https://www.amazon.in/LG-inches-LR570-Smart-32LR570B6LA/dp/B0DY7FPFLH/ref=zg_bs_g_1389396031_d_sccl_4/258-5014627-7280254?psc=1,2025-08-05 21:07:52,2025-08-05 21:07:52
5,VW 80 cm (32 inches) Frameless Series HD Ready Android Smart LED TV VW32S,3.8 out of 5 stars,"₹7,299.00",https://www.amazon.in/Visio-World-inches-VW32S-Ready/dp/B07MNNH484/ref=zg_bs_g_1389396031_d_sccl_5/258-5014627-7280254?psc=1,2025-08-05 21:07:52,2025-08-05 21:07:52
6,acer 80 cm (32 inches) G Plus Series HD Ready LED Smart Google TV AR32HDGGR2841AD,4.0 out of 5 stars,"₹9,999.00",https://www.amazon.in/inches-Ready-Smart-Google-AR32HDGGR2841AD/dp/B0DKNM4GPM/ref=zg_bs_g_1389396031_d_sccl_6/258-5014627-7280254?psc=1,2025-08-05 21:07:52,2025-08-05 21:07:52
7,acer 109 cm (43 inches) G Plus Series 4K Ultra HD LED Smart Google TV AR43UDGGR2851AD,4.0 out of 5 stars,"₹19,999.00",https://www.amazon.in/inches-Ultra-Smart-Google-AR43UDGGR2851AD/dp/B0DKNL8CHP/ref=zg_bs_g_1389396031_d_sccl_7/258-5014627-7280254?psc=1,2025-08-05 21:07:52,2025-08-05 21:07:52
8,VW 109 cm (43 inches) Pro Series 4K Ultra HD Smart QLED Google TV VW43GQ1,4.5 out of 5 stars,"₹18,999.00",https://www.amazon.in/VW-inches-Ultra-Google-VW43GQ1/dp/B0DRV6WTZY/ref=zg_bs_g_1389396031_d_sccl_8/258-5014627-7280254?psc=1,2025-08-05 21:07:52,2025-08-05 21:07:52
9,LG 139 cm (55 inches) UA82 Series 4K Ultra HD (3840 x 2160) Smart webOS LED TV 55UA82006LA,4.0 out of 5 stars,"₹40,990.00",https://www.amazon.in/LG-inches-Ultra-Smart-55UA82006LA/dp/B0F8343CVL/ref=zg_bs_g_1389396031_d_sccl_9/258-5014627-7280254?psc=1,2025-08-05 21:07:52,2025-08-05 21:07:52
10,LG 108 cm (43 inches) UA82 Series 4K Ultra HD Smart webOS LED TV 43UA82006LA,4.0 out of 5 stars,"₹30,990.00",https://www.amazon.in/LG-inches-Ultra-Smart-43UA82006LA/dp/B0F835K3HL/ref=zg_bs_g_1389396031_d_sccl_10/258-5014627-7280254?psc=1,2025-08-05 21:07:52,2025-08-05 21:07:52
11,VW 80 cm (32 inches) Pro Series HD Ready Smart QLED Google TV VW32GQ1,4.5 out of 5 stars,"₹9,499.00",https://www.amazon.in/VW-inches-Ready-Google-VW32GQ1/dp/B0DR2Q2R44/ref=zg_bs_g_1389396031_d_sccl_11/258-5014627-7280254?psc=1,2025-08-05 21:07:52,2025-08-05 21:07:52
12,Xiaomi MI Smart TV A 80 cm (32) HD Ready Smart Google LED TV L32MA-AIN (Black),4.1 out of 5 stars,"₹11,999.00",https://www.amazon.in/Xiaomi-Smart-Ready-Google-L32MA-AIN/dp/B0D25MMHH2/ref=zg_bs_g_1389396031_d_sccl_12/258-5014627-7280254?psc=1,2025-08-05 21:07:52,2025-08-05 21:07:52
13,Samsung 138 cm (55 inches) Vision AI 4K Ultra HD Smart QLED TV QA55QEF1AULXL,3.9 out of 5 stars,"₹49,990.00",https://www.amazon.in/Samsung-inches-Vision-Ultra-QA55QEF1AULXL/dp/B0F43CHDSN/ref=zg_bs_g_1389396031_d_sccl_13/258-5014627-7280254?psc=1,2025-08-05 21:07:52,2025-08-05 21:07:52
14,Sony 139 cm (55 inches) BRAVIA 2 4K Ultra HD Smart LED Google TV K-55S25B (Black),4.8 out of 5 stars,"₹54,990.00",https://www.amazon.in/Sony-inches-BRAVIA-Google-K-55S25B/dp/B0D3DWFY54/ref=zg_bs_g_1389396031_d_sccl_14/258-5014627-7280254?psc=1,2025-08-05 21:07:52,2025-08-05 21:07:52
15,LG 80 cms (32 inches) LR600 Series Smart webOS IPS LED TV 32LR600B6LC,4.2 out of 5 stars,"₹14,490.00",https://www.amazon.in/LG-inches-LR600-Smart-32LR600B6LC/dp/B0DVGBNVM2/ref=zg_bs_g_1389396031_d_sccl_15/258-5014627-7280254?psc=1,2025-08-05 21:07:52,2025-08-05 21:07:52
16,Samsung 108 cm (43 inches) Crystal 4K Vista Ultra HD Smart LED TV UA43UE81AFULXL,4.0 out of 5 stars,"₹28,990.00",https://www.amazon.in/Samsung-inches-Crystal-Vista-UA43UE81AFULXL/dp/B0F43DMKDJ/ref=zg_bs_g_1389396031_d_sccl_16/258-5014627-7280254?psc=1,2025-08-05 21:07:52,2025-08-05 21:07:52
17,Samsung 108 cm (43 inches) FHD Smart LED TV UA43F5550FUXXL,4.0 out of 5 stars,"₹23,990.00",https://www.amazon.in/Samsung-108-inches-Smart-UA43F5550FUXXL/dp/B0F84DKX8K/ref=zg_bs_g_1389396031_d_sccl_17/258-5014627-7280254?psc=1,2025-08-05 21:07:52,2025-08-05 21:07:52
18,Samsung 108 cm (43 inches) Crystal 4K Vista Pro Ultra HD Smart LED TV UA43UE86AFULXL,4.0 out of 5 stars,"₹30,490.00",https://www.amazon.in/Samsung-inches-Crystal-Vista-UA43UE86AFULXL/dp/B0F43H82FW/ref=zg_bs_g_1389396031_d_sccl_18/258-5014627-7280254?psc=1,2025-08-05 21:07:52,2025-08-05 21:07:52
19,TCL 139 cm (55 inches) 4K Ultra HD Smart QLED Google TV 55T8C,3.8 out of 5 stars,"₹40,990.00",https://www.amazon.in/TCL-inches-Ultra-Google-55T8C/dp/B0F38M36TN/ref=zg_bs_g_1389396031_d_sccl_19/258-5014627-7280254?psc=1,2025-08-05 21:07:52,2025-08-05 21:07:52
20,VW ( Visio World 140 cm (55 inches) Pro Series 4K Ultra HD Smart QLED Google TV VW55GQ1 (Black),4.5 out of 5 stars,"₹27,499.00",https://www.amazon.in/VW-inches-Ultra-Google-VW55GQ1/dp/B0DRV7JFMS/ref=zg_bs_g_1389396031_d_sccl_20/258-5014627-7280254?psc=1,2025-08-05 21:07:52,2025-08-05 21:07:52
21,LG 108 cm (43 inches) UR75 Series 4K Ultra HD Smart LED TV 43UR75006LC,4.0 out of 5 stars,"₹29,989.00",https://www.amazon.in/LG-inches-Ultra-Smart-43UR75006LC/dp/B0DY7DNYNC/ref=zg_bs_g_1389396031_d_sccl_21/258-5014627-7280254?psc=1,2025-08-05 21:07:52,2025-08-05 21:07:52
22,Xiaomi MI 125 cm (50 inches) X Series 4K LED Smart Google TV L50MA-AUIN (Black),4.0 out of 5 stars,"₹27,999.00",https://www.amazon.in/Xiaomi-inches-Smart-Google-L50MA-AUIN/dp/B0DC6SXZG7/ref=zg_bs_g_1389396031_d_sccl_22/258-5014627-7280254?psc=1,2025-08-05 21:07:52,2025-08-05 21:07:52
23,TCL 101 cms (40 inches) V5C Series Full HD Smart QLED TV Google TV 40V5C,3.9 out of 5 stars,"₹16,990.00",https://www.amazon.in/TCL-inches-Smart-Google-40V5C/dp/B0DZHRYFG7/ref=zg_bs_g_1389396031_d_sccl_23/258-5014627-7280254?psc=1,2025-08-05 21:07:52,2025-08-05 21:07:52
24,VW 109 cm (43 inches) OptimaX Series Full HD Smart QLED Android TV VW43AQ1,3.9 out of 5 stars,"₹13,999.00",https://www.amazon.in/VW-inches-OptimaX-Android-VW43AQ1/dp/B0FCM6J32P/ref=zg_bs_g_1389396031_d_sccl_24/258-5014627-7280254?psc=1,2025-08-05 21:07:52,2025-08-05 21:07:52
25,Vu 108cm (43 inches) Vibe Series 4K QLED Smart Google TV 43VIBE-DV,4.6 out of 5 stars,"₹24,990.00",https://www.amazon.in/Vu-108cm-inches-Google-43VIBE-DV/dp/B0FBS863JV/ref=zg_bs_g_1389396031_d_sccl_25/258-5014627-7280254?psc=1,2025-08-05 21:07:52,2025-08-05 21:07:52
26,TCL 80 cms (32 inches) V5C Series Full HD Smart QLED Google TV 32V5C,3.9 out of 5 stars,"₹13,490.00",https://www.amazon.in/TCL-inches-Smart-Google-32V5C/dp/B0DZHNQJQW/ref=zg_bs_g_1389396031_d_sccl_26/258-5014627-7280254?psc=1,2025-08-05 21:07:52,2025-08-05 21:07:52
27,Xiaomi 138 cm (55 inch) FX Pro QLED Ultra HD 4K Smart Fire TV L55MB-FPIN,3.9 out of 5 stars,"₹37,999.00",https://www.amazon.in/Xiaomi-inch-Ultra-Smart-L55MB-FPIN/dp/B0F3JL33DW/ref=zg_bs_g_1389396031_d_sccl_27/258-5014627-7280254?psc=1,2025-08-05 21:07:52,2025-08-05 21:07:52
28,Samsung 138 cm (55 inches) Crystal 4K Vista Ultra HD Smart LED TV UA55UE81AFULXL,4.0 out of 5 stars,"₹41,490.00",https://www.amazon.in/Samsung-inches-Crystal-Vista-UA55UE81AFULXL/dp/B0F43DGPWX/ref=zg_bs_g_1389396031_d_sccl_28/258-5014627-7280254?psc=1,2025-08-05 21:07:52,2025-08-05 21:07:52
29,Vu 139cm (55 inches) Vibe Series 4K QLED Smart Google TV 55VIBE-DV,4.6 out of 5 stars,"₹34,990.00",https://www.amazon.in/Vu-139cm-inches-Google-55VIBE-DV/dp/B0FBS93Y6J/ref=zg_bs_g_1389396031_d_sccl_29/258-5014627-7280254?psc=1,2025-08-05 21:07:52,2025-08-05 21:07:52
30,Kodak 80 cm (32 inches) Special Edition Series HD Ready Smart LED TV 32SE5001BL (Black),4.0 out of 5 stars,"₹7,999.00",https://www.amazon.in/KODAK-inches-Special-Ready-32SE5001BL/dp/B0BWYSYFQS/ref=zg_bs_g_1389396031_d_sccl_30/258-5014627-7280254?psc=1,2025-08-05 21:07:52,2025-08-05 21:07:52
31,Sony 108 cm (43 inches) BRAVIA 2M2 Series 4K Ultra HD Smart LED Google TV K-43S22BM2,4.8 out of 5 stars,"₹41,990.00",https://www.amazon.in/Sony-inches-BRAVIA-Google-K-43S22BM2/dp/B0F7X29WXX/ref=zg_bs_g_1389396031_d_sccl_31/258-5014627-7280254?psc=1,2025-08-05 21:07:52,2025-08-05 21:07:52
32,TCL 139 cm (55 inches) 4K UHD Smart QD-Mini LED Google TV 55Q6C,4.4 out of 5 stars,"₹49,990.00",https://www.amazon.in/TCL-inches-QD-Mini-Google-55Q6C/dp/B0F3HWNTR1/ref=zg_bs_g_1389396031_d_sccl_32/258-5014627-7280254?psc=1,2025-08-05 21:07:52,2025-08-05 21:07:52
33,acer 139 cm (55 inches) G Plus Series 4K Ultra HD LED Smart Google TV AR55UDGGR2851AD,4.0 out of 5 stars,"₹29,999.00",https://www.amazon.in/inches-Ultra-Smart-Google-AR55UDGGR2851AD/dp/B0DKNL1KTF/ref=zg_bs_g_1389396031_d_sccl_33/258-5014627-7280254?psc=1,2025-08-05 21:07:52,2025-08-05 21:07:52
34,LG 139 cm (55 inches) UR75 Series 4K Ultra HD Smart LED TV 55UR75006LC,4.0 out of 5 stars,"₹40,990.00",https://www.amazon.in/LG-inches-Ultra-Smart-55UR75006LC/dp/B0DY7DVD3Z/ref=zg_bs_g_1389396031_d_sccl_34/258-5014627-7280254?psc=1,2025-08-05 21:07:52,2025-08-05 21:07:52
35,TCL 80 cms (32 inches) V4C Series HD Ready Smart QLED Google TV 32V4C,4.0 out of 5 stars,"₹10,990.00",https://www.amazon.in/TCL-inches-Ready-Google-32V4C/dp/B0DZHMX6D3/ref=zg_bs_g_1389396031_d_sccl_35/258-5014627-7280254?psc=1,2025-08-05 21:07:52,2025-08-05 21:07:52
36,Sony 164 cm (65 inches) BRAVIA 2 4K Ultra HD Smart LED Google TV K-65S25B (Black),4.8 out of 5 stars,"₹71,990.00",https://www.amazon.in/Sony-inches-BRAVIA-Google-K-65S25B/dp/B0D3DW6YQ8/ref=zg_bs_g_1389396031_d_sccl_36/258-5014627-7280254?psc=1,2025-08-05 21:07:52,2025-08-05 21:07:52
37,Xiaomi 108 cm (43 inch) FX Pro QLED Ultra HD 4K Smart Fire TV L43MB-FPIN,3.9 out of 5 stars,"₹26,999.00",https://www.amazon.in/Xiaomi-inch-Ultra-Smart-L43MB-FPIN/dp/B0F3JKY28G/ref=zg_bs_g_1389396031_d_sccl_37/258-5014627-7280254?psc=1,2025-08-05 21:07:52,2025-08-05 21:07:52
38,VW ( Visio World. 101 cm (40 inches) OptimaX Series Full HD Smart QLED Android TV VW40AQ1 (Black),3.9 out of 5 stars,"₹11,999.00",https://www.amazon.in/VW-World-OptimaX-Android-VW40AQ1/dp/B0F8BQQQ6X/ref=zg_bs_g_1389396031_d_sccl_38/258-5014627-7280254?psc=1,2025-08-05 21:07:52,2025-08-05 21:07:52
39,TCL 139 cm (55 inches) 4K Ultra HD Smart QLED Google TV 55C61B (Black),3.9 out of 5 stars,"₹36,990.00",https://www.amazon.in/TCL-inches-Ultra-Google-55C61B/dp/B0CZLFJ3QY/ref=zg_bs_g_1389396031_d_sccl_39/258-5014627-7280254?psc=1,2025-08-05 21:07:52,2025-08-05 21:07:52
40,VW 80 cm (32 inches) Frameless Series HD Ready LED TV VW32A (Black),3.8 out of 5 stars,"₹6,799.00",https://www.amazon.in/Visio-World-inches-VW32A-Ready/dp/B07MKFNHKG/ref=zg_bs_g_1389396031_d_sccl_40/258-5014627-7280254?psc=1,2025-08-05 21:07:52,2025-08-05 21:07:52
41,VW 60 cm (24 inches) Premium Series HD Ready LED TV VW24A (Black),3.9 out of 5 stars,"₹4,799.00",https://www.amazon.in/Visio-World-inches-VW24A-Ready/dp/B07MDRGHWQ/ref=zg_bs_g_1389396031_d_sccl_41/258-5014627-7280254?psc=1,2025-08-05 21:07:52,2025-08-05 21:07:52
42,Samsung 138 cm (55 inches) Crystal 4K Vista Pro Ultra HD Smart LED TV UA55UE86AFULXL,4.0 out of 5 stars,"₹42,990.00",https://www.amazon.in/Samsung-inches-Crystal-Vista-UA55UE86AFULXL/dp/B0F43DQN7H/ref=zg_bs_g_1389396031_d_sccl_42/258-5014627-7280254?psc=1,2025-08-05 21:07:52,2025-08-05 21:07:52
43,Xiaomi 80 cm (32 inch) F Series HD Ready Smart LED Fire TV L32MB-FIN,3.9 out of 5 stars,"₹11,990.00",https://www.amazon.in/Xiaomi-inch-Ready-Smart-L32MB-FIN/dp/B0F3JM1YP5/ref=zg_bs_g_1389396031_d_sccl_43/258-5014627-7280254?psc=1,2025-08-05 21:07:52,2025-08-05 21:07:52
44,TCL 108 cm (43 inches) Metallic Bezel Less Series 4K Ultra HD Smart LED Google TV 43V6C (Black),4.3 out of 5 stars,"₹24,990.00",https://www.amazon.in/TCL-inches-Metallic-Google-43V6C/dp/B0F2J7JVR1/ref=zg_bs_g_1389396031_d_sccl_44/258-5014627-7280254?psc=1,2025-08-05 21:07:52,2025-08-05 21:07:52
45,Lumio Vision 7 109 cm (43 inches) 4K Ultra-HD Smart QLED TV FTW1-ADSG,4.4 out of 5 stars,"₹29,999.00",https://www.amazon.in/Lumio-Vision-inches-Ultra-HD-FTW1-ADSG/dp/B0F391JVWF/ref=zg_bs_g_1389396031_d_sccl_45/258-5014627-7280254?psc=1,2025-08-05 21:07:52,2025-08-05 21:07:52
46,VW 109 cm (43 inches) Playwall Frameless Series Full HD Android Smart LED TV VW43F2,3.6 out of 5 stars,"₹12,999.00",https://www.amazon.in/VW-Playwall-Frameless-Android-VW43F2/dp/B0DCZMPRXC/ref=zg_bs_g_1389396031_d_sccl_46/258-5014627-7280254?psc=1,2025-08-05 21:07:52,2025-08-05 21:07:52
47,Xiaomi 108 cm (43 inch) A Full HD Smart Google LED TV L43MB-AFIN,4.1 out of 5 stars,"₹21,999.00",https://www.amazon.in/Xiaomi-inch-Smart-Google-L43MB-AFIN/dp/B0F6ZCRGG5/ref=zg_bs_g_1389396031_d_sccl_47/258-5014627-7280254?psc=1,2025-08-05 21:07:52,2025-08-05 21:07:52
48,VW 127 cm (50 inches) Pro Series 4K Ultra HD Smart QLED Google TV VW50GQ1,4.5 out of 5 stars,"₹23,999.00",https://www.amazon.in/VW-inches-Ultra-Google-VW50GQ1/dp/B0F2FPC11M/ref=zg_bs_g_1389396031_d_sccl_48/258-5014627-7280254?psc=1,2025-08-05 21:07:52,2025-08-05 21:07:52
49,acer 80 cm (32 inches) V Pro Series HD Ready Smart QLED Google TV with Android 14 (Black) | 16GB Storage | 30W Dolby Audio,3.8 out of 5 stars,"₹12,499.00",https://www.amazon.in/Acer-inches-Google-Android-Storage/dp/B0D9BYGT8J/ref=zg_bs_g_1389396031_d_sccl_49/258-5014627-7280254?psc=1,2025-08-05 21:07:52,2025-08-05 21:07:52
50,TCL 139 cm (55 inches) Metallic Bezel Less Series 4K Ultra HD Smart LED Google TV 55V6C (Black),4.3 out of 5 stars,"₹33,990.00",https://www.amazon.in/TCL-inches-Metallic-Google-55V6C/dp/B0F2J8RS3M/ref=zg_bs_g_1389396031_d_sccl_50/258-5014627-7280254?psc=1,2025-08-05 21:07:52,2025-08-05 21:07:52
51,VW 80 cm (32 inches) Playwall Frameless Series HD Ready Android Smart LED TV VW32F5,3.6 out of 5 stars,"₹7,199.00",https://www.amazon.in/VW-Playwall-Frameless-Android-VW32F5/dp/B0DBLLYXVV/ref=zg_bs_g_1389396031_d_sccl_1/258-5014627-7280254?psc=1,2025-08-05 21:08:02,2025-08-05 21:08:02
52,acer 126 cm (50 inches) G Plus Series 4K Ultra HD LED Smart Google TV AR50UDGGR2851AD,4.0 out of 5 stars,"₹25,999.00",https://www.amazon.in/inches-Ultra-Smart-Google-AR50UDGGR2851AD/dp/B0DKNLRY8Q/ref=zg_bs_g_1389396031_d_sccl_2/258-5014627-7280254?psc=1,2025-08-05 21:08:02,2025-08-05 21:08:02
53,LG 126 cm (50 inches) UR75 Series 4K Ultra HD Smart LED TV 50UR75006LC,4.0 out of 5 stars,"₹36,989.00",https://www.amazon.in/LG-inches-Ultra-Smart-50UR75006LC/dp/B0DY7GBDNK/ref=zg_bs_g_1389396031_d_sccl_3/258-5014627-7280254?psc=1,2025-08-05 21:08:02,2025-08-05 21:08:02
54,Sony 139 cm (55 inches) BRAVIA 2M2 Series 4K Ultra HD Smart LED Google TV K-55S25BM2,4.8 out of 5 stars,"₹62,990.00",https://www.amazon.in/Sony-inches-BRAVIA-Google-K-55S25BM2/dp/B0F7X5FC43/ref=zg_bs_g_1389396031_d_sccl_4/258-5014627-7280254?psc=1,2025-08-05 21:08:02,2025-08-05 21:08:02
55,TCL 108 cm (43 inches) 4K Ultra HD Smart QLED Google TV 43P71K,4.2 out of 5 stars,"₹27,990.00",https://www.amazon.in/TCL-inches-Ultra-Google-43P71K/dp/B0F3JLPDG9/ref=zg_bs_g_1389396031_d_sccl_5/258-5014627-7280254?psc=1,2025-08-05 21:08:02,2025-08-05 21:08:02
56,Vu 164cm (65 inches) Vibe Series 4K QLED Smart Google TV 65VIBE-DV,4.6 out of 5 stars,"₹48,990.00",https://www.amazon.in/Vu-164cm-inches-Google-65VIBE-DV/dp/B0FBS91DQF/ref=zg_bs_g_1389396031_d_sccl_6/258-5014627-7280254?psc=1,2025-08-05 21:08:02,2025-08-05 21:08:02
57,Vu 126cm (50 inches) Vibe Series 4K QLED Smart Google TV 50VIBE-DV,4.6 out of 5 stars,"₹30,990.00",https://www.amazon.in/Vu-126cm-inches-Google-50VIBE-DV/dp/B0FBS732PG/ref=zg_bs_g_1389396031_d_sccl_7/258-5014627-7280254?psc=1,2025-08-05 21:08:02,2025-08-05 21:08:02
58,VW (Visio World 60 cm (24 inches) Linux Frameless Series HD Ready Smart LED TV VW24C3 (Black) | with 18 Months Warranty,3.9 out of 5 stars,N/A,https://www.amazon.in/VW-inches-Frameless-VW24C3-Warranty/dp/B0DDY84JJ3/ref=zg_bs_g_1389396031_d_sccl_8/258-5014627-7280254?psc=1,2025-08-05 21:08:02,2025-08-05 21:08:02
59,VW 109 cm (43 inches) Linux Frameless Series Full HD Smart LED TV VW43C3,3.9 out of 5 stars,"₹13,499.00",https://www.amazon.in/VW-inches-Frameless-VW43C3-Warranty/dp/B0D8GW86PB/ref=zg_bs_g_1389396031_d_sccl_9/258-5014627-7280254?psc=1,2025-08-05 21:08:02,2025-08-05 21:08:02
60,Samsung 108 cm (43 inches) Vision AI 4K Ultra HD Smart QLED TV QA43QEF1AULXL,3.9 out of 5 stars,"₹36,990.00",https://www.amazon.in/Samsung-inches-Vision-Ultra-QA43QEF1AULXL/dp/B0F43F15YK/ref=zg_bs_g_1389396031_d_sccl_10/258-5014627-7280254?psc=1,2025-08-05 21:08:02,2025-08-05 21:08:02
61,Hisense 108 cm (43 inches) E6N Series 4K Ultra HD Smart LED Google TV 43E6N (Black),4.1 out of 5 stars,"₹21,999.00",https://www.amazon.in/Hisense-inches-Ultra-Google-43E6N/dp/B0D3XCZWLT/ref=zg_bs_g_1389396031_d_sccl_11/258-5014627-7280254?psc=1,2025-08-05 21:08:02,2025-08-05 21:08:02
62,acer 109 cm (43 inches) V PRO Series 4K Ultra HD Smart QLED Google TV AR43QDQGR2851AD,4.0 out of 5 stars,"₹22,999.00",https://www.amazon.in/acer-inches-Ultra-Google-AR43QDQGR2851AD/dp/B0DZSYM7HX/ref=zg_bs_g_1389396031_d_sccl_12/258-5014627-7280254?psc=1,2025-08-05 21:08:02,2025-08-05 21:08:02
63,Samsung 108 cm (43 inches) Full HD Smart LED TV UA43T5450AKXXL (Black),4.0 out of 5 stars,"₹23,439.00",https://www.amazon.in/Samsung-Inches-Smart-UA43T5450AKXXL-Black/dp/B0BFFHGML2/ref=zg_bs_g_1389396031_d_sccl_13/258-5014627-7280254?psc=1,2025-08-05 21:08:02,2025-08-05 21:08:02
64,acer 109 cm (43 inches) G Plus Series Full HD LED Smart Google TV AR43FDGGR2841AD,4.0 out of 5 stars,"₹17,999.00",https://www.amazon.in/Acer-inches-Smart-Google-AR43FDGGR2841AD/dp/B0DKNLVNX4/ref=zg_bs_g_1389396031_d_sccl_14/258-5014627-7280254?psc=1,2025-08-05 21:08:02,2025-08-05 21:08:02
65,acer 139 cm (55 inches) V PRO Series 4K Ultra HD Smart QLED Google TV AR55QDQGR2851AD,4.0 out of 5 stars,"₹31,999.00",https://www.amazon.in/acer-inches-Ultra-Google-AR55QDQGR2851AD/dp/B0DZSYLR52/ref=zg_bs_g_1389396031_d_sccl_15/258-5014627-7280254?psc=1,2025-08-05 21:08:02,2025-08-05 21:08:02
66,Vu 139cm (55 inches) GloQLED Series 4K QLED Smart Google TV 55QLED25,4.5 out of 5 stars,"₹32,490.00",https://www.amazon.in/Vu-inches-GloQLED-Google-55QLED25/dp/B0DXVWYS33/ref=zg_bs_g_1389396031_d_sccl_16/258-5014627-7280254?psc=1,2025-08-05 21:08:02,2025-08-05 21:08:02
67,TOSHIBA 100 cm (40 inches) V Series HD Ready Smart LED TV 40V35RP (Black),4.1 out of 5 stars,"₹16,999.00",https://www.amazon.in/TOSHIBA-inches-Ready-Smart-40V35RP/dp/B0FDL2DY56/ref=zg_bs_g_1389396031_d_sccl_17/258-5014627-7280254?psc=1,2025-08-05 21:08:02,2025-08-05 21:08:02
68,Samsung 108 cm (43 inches) D Series Brighter Crystal 4K Vivid Pro Ultra HD Smart LED TV UA43DUE77AKLXL (Black),4.0 out of 5 stars,"₹29,490.00",https://www.amazon.in/Samsung-inches-Crystal-Vivid-UA43DUE77AKLXL/dp/B0CX5DW4WT/ref=zg_bs_g_1389396031_d_sccl_18/258-5014627-7280254?psc=1,2025-08-05 21:08:02,2025-08-05 21:08:02
69,TCL 189 cm (75 inches) Metallic Bezel-Less Series 4K Ultra HD Smart LED Google TV 75V6B (Black),3.8 out of 5 stars,"₹61,990.00",https://www.amazon.in/TCL-inches-Metallic-Bezel-Less-75V6B/dp/B0CZ6KW5HQ/ref=zg_bs_g_1389396031_d_sccl_19/258-5014627-7280254?psc=1,2025-08-05 21:08:02,2025-08-05 21:08:02
70,Samsung 80 cm (32 inches) HD Ready Smart LED TV UA32T4380AKXXL (Glossy Black),4.0 out of 5 stars,"₹14,799.00",https://www.amazon.in/Samsung-inches-Ready-UA32T4380AKXXL-Glossy/dp/B0B8YTGC23/ref=zg_bs_g_1389396031_d_sccl_20/258-5014627-7280254?psc=1,2025-08-05 21:08:02,2025-08-05 21:08:02
71,TCL 79.97 cm (32 inches) Metallic Bezel-Less S Series Full HD Smart LED Google TV 32S5500 (Black),3.8 out of 5 stars,"₹13,990.00",https://www.amazon.in/TCL-inches-Metallic-Bezel-Less-32S5500/dp/B0CZ6QH357/ref=zg_bs_g_1389396031_d_sccl_21/258-5014627-7280254?psc=1,2025-08-05 21:08:02,2025-08-05 21:08:02
72,Xiaomi 80 cm (32 inch) A HD Ready Smart Google LED TV L32MB-AIN,N/A,"₹12,999.00",https://www.amazon.in/Xiaomi-Ready-Smart-Google-L32MB-AIN/dp/B0F6YZV4XW/ref=zg_bs_g_1389396031_d_sccl_22/258-5014627-7280254?psc=1,2025-08-05 21:08:02,2025-08-05 21:08:02
73,SKYWALL 80 cm (32 inches) HD Ready Smart LED TV 32SWELS-PRO (Black),4.3 out of 5 stars,"₹7,299.00",https://www.amazon.in/Skywall-81-28-inches-Smart-32SWELS-PRO/dp/B08QX1CC14/ref=zg_bs_g_1389396031_d_sccl_23/258-5014627-7280254?psc=1,2025-08-05 21:08:02,2025-08-05 21:08:02
74,Hisense 139 cm (55 inches) E6N Series 4K Ultra HD Smart LED Google TV 55E6N (Black),4.1 out of 5 stars,"₹31,999.00",https://www.amazon.in/Hisense-inches-Ultra-Google-55E6N/dp/B0D3XBS2VB/ref=zg_bs_g_1389396031_d_sccl_24/258-5014627-7280254?psc=1,2025-08-05 21:08:02,2025-08-05 21:08:02
75,Sony BRAVIA 3 Series 139 cm (55 inches) 4K Ultra HD AI Smart LED Google TV K-55S30B (Black),4.8 out of 5 stars,"₹73,990.00",https://www.amazon.in/Sony-BRAVIA-inches-Google-K-55S30B/dp/B0D3DW1CJF/ref=zg_bs_g_1389396031_d_sccl_25/258-5014627-7280254?psc=1,2025-08-05 21:08:02,2025-08-05 21:08:02
76,BLACK+DECKER 80 cm (32 inches) A1 Series HD Ready LED Smart Google TV BXTVGU32HD2841ATIN (Black),3.8 out of 5 stars,"₹10,999.00",https://www.amazon.in/BLACK-DECKER-inches-Google-BXTVGU32HD2841ATIN/dp/B0DPSD1PG5/ref=zg_bs_g_1389396031_d_sccl_26/258-5014627-7280254?psc=1,2025-08-05 21:08:02,2025-08-05 21:08:02
77,Acerpure 80 cm (32 inch) Elevate Featherlite Series HD QLED Smart Google TV AP32HG41QFLED,4.2 out of 5 stars,"₹10,999.00",https://www.amazon.in/acerpure-Elevate-Smart-Google-Dolby/dp/B0DDCGX62X/ref=zg_bs_g_1389396031_d_sccl_27/258-5014627-7280254?psc=1,2025-08-05 21:08:02,2025-08-05 21:08:02
78,acer 80 cm (32 inches) I Pro Series HD Ready Smart LED Google TV AR32HDIGU2841AT (Black),3.9 out of 5 stars,"₹9,999.00",https://www.amazon.in/Acer-inches-Ready-Google-AR32HDIGU2841AT/dp/B0D9BX9DMB/ref=zg_bs_g_1389396031_d_sccl_28/258-5014627-7280254?psc=1,2025-08-05 21:08:02,2025-08-05 21:08:02
79,Vu 189cm (75 inches) Vibe Series 4K QLED Smart Google TV 75VIBE-DV,4.6 out of 5 stars,"₹63,990.00",https://www.amazon.in/Vu-189cm-inches-Google-75VIBE-DV/dp/B0FBS6YXQC/ref=zg_bs_g_1389396031_d_sccl_29/258-5014627-7280254?psc=1,2025-08-05 21:08:02,2025-08-05 21:08:02
80,Xiaomi 108 cm (43 inch) X Ultra HD 4K Smart Google LED TV L43MB-AIN,4.0 out of 5 stars,"₹26,999.00",https://www.amazon.in/Xiaomi-Ultra-Smart-Google-L43MB-AIN/dp/B0F6ZLFNVT/ref=zg_bs_g_1389396031_d_sccl_30/258-5014627-7280254?psc=1,2025-08-05 21:08:02,2025-08-05 21:08:02
81,Hisense 139 cm (55 inches) E7Q Series 4K Ultra HD Smart QLED TV 55E7Q (Black),4.0 out of 5 stars,"₹35,999.00",https://www.amazon.in/Hisense-inches-Ultra-Smart-55E7Q/dp/B0F845NDWB/ref=zg_bs_g_1389396031_d_sccl_81/258-5014627-7280254?psc=1,2025-08-05 21:08:02,2025-08-05 21:08:02
82,Lumio Vision 7 139 cm (55 inches) 4K Ultra-HD Smart QLED Google TV FTW3-ADSG,4.4 out of 5 stars,"₹39,999.00",https://www.amazon.in/Lumio-Vision-inches-Ultra-HD-FTW3-ADSG/dp/B0F39V7TSZ/ref=zg_bs_g_1389396031_d_sccl_82/258-5014627-7280254?psc=1,2025-08-05 21:08:02,2025-08-05 21:08:02
83,Sony BRAVIA 3 Series 164 cm (65 inches) 4K Ultra HD AI Smart LED Google TV K-65S30B (Black),4.8 out of 5 stars,"₹95,990.00",https://www.amazon.in/Sony-BRAVIA-inches-Google-K-65S30B/dp/B0D3DW7C39/ref=zg_bs_g_1389396031_d_sccl_83/258-5014627-7280254?psc=1,2025-08-05 21:08:02,2025-08-05 21:08:02
84,acer 126 cm (50 inches) V PRO Series 4K Ultra HD Smart QLED Google TV AR50QDQGR2851AD,4.0 out of 5 stars,"₹28,999.00",https://www.amazon.in/acer-inches-Ultra-Google-AR50QDQGR2851AD/dp/B0DZT2QFLJ/ref=zg_bs_g_1389396031_d_sccl_84/258-5014627-7280254?psc=1,2025-08-05 21:08:02,2025-08-05 21:08:02
85,Xiaomi 108 cm (43 inch) FX Ultra HD 4K Smart LED Fire TV L43MB-FIN,3.9 out of 5 stars,"₹25,499.00",https://www.amazon.in/Xiaomi-inch-Ultra-Smart-L43MB-FIN/dp/B0F3JP4TWW/ref=zg_bs_g_1389396031_d_sccl_85/258-5014627-7280254?psc=1,2025-08-05 21:08:02,2025-08-05 21:08:02
86,TCL 164 cm (65 inches) 4K Ultra HD Smart QLED Google TV 65T8C,3.8 out of 5 stars,"₹61,990.00",https://www.amazon.in/TCL-inches-Ultra-Google-65T8C/dp/B0F38M4S6B/ref=zg_bs_g_1389396031_d_sccl_86/258-5014627-7280254?psc=1,2025-08-05 21:08:02,2025-08-05 21:08:02
87,Hisense 80 cm (32 inches) E5Q Series HD Ready Smart QLED Google TV 32E5Q,3.3 out of 5 stars,"₹11,999.00",https://www.amazon.in/Hisense-inches-Ready-Google-32E5Q/dp/B0F4X6CM36/ref=zg_bs_g_1389396031_d_sccl_87/258-5014627-7280254?psc=1,2025-08-05 21:08:02,2025-08-05 21:08:02
88,TOSHIBA 139 cm (55 inches) M550NP Series 4K Ultra HD Smart QLED Google TV 55M550NP,4.0 out of 5 stars,"₹38,999.00",https://www.amazon.in/TOSHIBA-inches-M550NP-Google-55M550NP/dp/B0DQXTKFB6/ref=zg_bs_g_1389396031_d_sccl_88/258-5014627-7280254?psc=1,2025-08-05 21:08:02,2025-08-05 21:08:02
89,VW ( Visio World 80 cm (32 inches) OptimaX Series HD Ready Smart QLED Android TV VW32AQ1 (Black),3.9 out of 5 stars,"₹7,999.00",https://www.amazon.in/VW-inches-OptimaX-Android-VW32AQ1/dp/B0FCM61QWL/ref=zg_bs_g_1389396031_d_sccl_89/258-5014627-7280254?psc=1,2025-08-05 21:08:02,2025-08-05 21:08:02
90,VW 165 cm (65 inches) Pro Series 4K Ultra HD Smart QLED Google TV VW65GQ1,4.5 out of 5 stars,"₹40,499.00",https://www.amazon.in/VW-inches-Ultra-Google-VW65GQ1/dp/B0DW1C7X4C/ref=zg_bs_g_1389396031_d_sccl_90/258-5014627-7280254?psc=1,2025-08-05 21:08:02,2025-08-05 21:08:02
91,Xiaomi 138 cm (55 inch) FX Ultra HD 4K Smart LED Fire TV L55MB-FIN,3.9 out of 5 stars,"₹34,999.00",https://www.amazon.in/Xiaomi-inch-Ultra-Smart-L55MB-FIN/dp/B0F3JLSRZQ/ref=zg_bs_g_1389396031_d_sccl_91/258-5014627-7280254?psc=1,2025-08-05 21:08:02,2025-08-05 21:08:02
92,Samsung 80 cm (32 Inches) Wondertainment Series HD Ready LED Smart TV UA32T4340BKXXL (Glossy Black),4.2 out of 5 stars,"₹14,039.00",https://www.amazon.in/Samsung-Inches-Wondertainment-UA32T4340BKXXL-Glossy/dp/B09F6S8BT6/ref=zg_bs_g_1389396031_d_sccl_92/258-5014627-7280254?psc=1,2025-08-05 21:08:02,2025-08-05 21:08:02
93,TCL 164 cm (65 inches) 4K UHD Smart QD-Mini LED Google TV 65Q6C,4.4 out of 5 stars,"₹69,990.00",https://www.amazon.in/TCL-inches-QD-Mini-Google-65Q6C/dp/B0F3HWJXZ5/ref=zg_bs_g_1389396031_d_sccl_93/258-5014627-7280254?psc=1,2025-08-05 21:08:02,2025-08-05 21:08:02
94,Hisense 126 cm (50 inches) E7Q Series 4K Ultra HD Smart QLED TV 50E7Q (Black),4.0 out of 5 stars,"₹29,999.00",https://www.amazon.in/Hisense-inches-Ultra-Smart-50E7Q/dp/B0F845FFQM/ref=zg_bs_g_1389396031_d_sccl_94/258-5014627-7280254?psc=1,2025-08-05 21:08:02,2025-08-05 21:08:02
95,Hisense 108 cm (43 inches) E5Q Series Full HD Smart QLED Google TV 43E5Q (Black),3.5 out of 5 stars,"₹19,499.00",https://www.amazon.in/Hisense-inches-Smart-Google-43E5Q/dp/B0F4X4N1H8/ref=zg_bs_g_1389396031_d_sccl_95/258-5014627-7280254?psc=1,2025-08-05 21:08:02,2025-08-05 21:08:02
96,Panasonic 80 cm (32 inches) HD Ready Smart LED Google TV TH32MS660DX (Black),4.2 out of 5 stars,N/A,https://www.amazon.in/Panasonic-inches-Ready-Google-TH32MS660DX/dp/B0BZZ93Z1C/ref=zg_bs_g_1389396031_d_sccl_96/258-5014627-7280254?psc=1,2025-08-05 21:08:02,2025-08-05 21:08:02
97,LG 139 cm (55 inches) OLED B4 Series 4K Ultra HD Smart OLED TV OLED55B46LA,4.2 out of 5 stars,"₹99,990.00",https://www.amazon.in/LG-inches-Ultra-Smart-OLED55B46LA/dp/B0DY7D1WFD/ref=zg_bs_g_1389396031_d_sccl_97/258-5014627-7280254?psc=1,2025-08-05 21:08:02,2025-08-05 21:08:02
98,"Kodak 139 Cm (55 Inches) Matrix Series 4K Ultra Hd Smart QLED Google Tv 55Mt5022, Black",4.1 out of 5 stars,"₹29,499.00",https://www.amazon.in/Kodak-inches-Matrix-Google-55MT5022/dp/B0BP7JLSK1/ref=zg_bs_g_1389396031_d_sccl_98/258-5014627-7280254?psc=1,2025-08-05 21:08:02,2025-08-05 21:08:02
99,VW 101 cm (40 inches) Playwall Frameless Series Full HD Android Smart LED TV VW40F2,3.6 out of 5 stars,"₹11,999.00",https://www.amazon.in/VW-Playwall-Frameless-Android-VW40F2/dp/B0DBLLXZW4/ref=zg_bs_g_1389396031_d_sccl_99/258-5014627-7280254?psc=1,2025-08-05 21:08:02,2025-08-05 21:08:02
100,TOSHIBA 108 cm (43 inches) C350NP Series 4K Ultra HD Smart LED Google TV 43C350NP (Black),3.8 out of 5 stars,"₹22,999.00",https://www.amazon.in/TOSHIBA-inches-C350NP-Google-43C350NP/dp/B0D3XD9M5D/ref=zg_bs_g_1389396031_d_sccl_100/258-5014627-7280254?psc=1,2025-08-05 21:08:02,2025-08-05 21:08:02
